{"metrics_elapsed": 0.3026161193847656, "name": "manip--spinglass--0", "elapsed": 1.1755599975585938, "omega": null, "membership": [[1], [1], [0], [3], [0], [2], [0], [3], [3], [2], [3], [4], [0], [4], [4], [0], [2], [2], [3], [2], [3], [4], [2], [4], [3], [2], [4], [2], [0], [2], [5], [2], [5], [2], [2], [0], [2], [3], [3], [3], [0], [2], [4], [3], [0], [2], [3], [5], [1], [3], [0], [0], [3]], "metrics": {"Density": {"aggregations": {"Unbiased Variance": 0.08568910040638311, "Biased Skewness": 0.6647473271001294, "Mean": 0.5106116106116106, "Size": 6, "Median": 0.4688311688311688, "Min": 0.2285714285714286, "Biased Kurtosis": -0.6969695331839079, "Max": 1.0}, "results": [0.509090909090909, 0.6666666666666666, 0.2285714285714286, 0.23076923076923078, 0.4285714285714286, 1.0]}, "TLU--Local Clustering CoefficientSize": {"aggregations": {"Unbiased Variance": 28.166666666666668, "Biased Skewness": -0.030126359642236977, "Mean": 8.833333333333334, "Size": 6, "Median": 9.0, "Min": 3.0, "Biased Kurtosis": -1.6363376632470852, "Max": 15.0}, "results": [11, 3, 15, 14, 7, 3]}, "Cut Ratio": {"aggregations": {"Unbiased Variance": 0.0008705718098970758, "Biased Skewness": 0.0870984049909909, "Mean": 0.08875740582834403, "Size": 6, "Median": 0.08590707538075959, "Min": 0.04666666666666667, "Biased Kurtosis": -0.8258876151610539, "Max": 0.13203463203463203}, "results": [0.13203463203463203, 0.07333333333333333, 0.0912280701754386, 0.08058608058608059, 0.10869565217391304, 0.04666666666666667]}, "Degree StatisticsMean": {"aggregations": {"Unbiased Variance": 1.6531055764821996, "Biased Skewness": 0.698818860896187, "Mean": 2.8659451659451656, "Size": 6, "Median": 2.7857142857142856, "Min": 1.3333333333333333, "Biased Kurtosis": -0.31198891445296306, "Max": 5.090909090909091}, "results": [5.090909090909091, 1.3333333333333333, 3.2, 3.0, 2.5714285714285716, 2.0]}, "TLU--Local Clustering CoefficientMedian": {"aggregations": {"Unbiased Variance": 0.2185185185185185, "Biased Skewness": -0.3133360230385924, "Mean": 0.5555555555555555, "Size": 6, "Median": 0.6666666666666666, "Min": 0.0, "Biased Kurtosis": -1.6202240735420859, "Max": 1.0}, "results": [1.0, 0.0, 0.0, 0.8333333333333333, 0.5, 1.0]}, "Cohesiveness": {"aggregations": {"Unbiased Variance": 0.08548925468678555, "Biased Skewness": 0.6621171951769279, "Mean": 0.6253086419753087, "Size": 6, "Median": 0.4722222222222222, "Min": 0.4, "Biased Kurtosis": -1.503572756884984, "Max": 1.0}, "results": [0.4074074074074074, 1.0, 0.4444444444444444, 0.4, 0.5, 1.0]}, "Fraction over a Median Degree": {"aggregations": {"Unbiased Variance": 0.018562995446112333, "Biased Skewness": 0.4746119474103967, "Mean": 0.14155844155844155, "Size": 6, "Median": 0.14285714285714285, "Min": 0.0, "Biased Kurtosis": -0.7384287737060742, "Max": 0.36363636363636365}, "results": [0.36363636363636365, 0.0, 0.2, 0.14285714285714285, 0.14285714285714285, 0.0]}, "Triangle Participation Ratio": {"aggregations": {"Unbiased Variance": 0.15457294028722596, "Biased Skewness": -0.6008326629797933, "Mean": 0.626984126984127, "Size": 6, "Median": 0.7142857142857143, "Min": 0.0, "Biased Kurtosis": -0.982919518654239, "Max": 1.0}, "results": [1.0, 0.0, 0.3333333333333333, 0.7142857142857143, 0.7142857142857143, 1.0]}, "TLU--Local Clustering CoefficientMax": {"aggregations": {"Unbiased Variance": 0.16666666666666669, "Biased Skewness": -1.788854381999831, "Mean": 0.8333333333333334, "Size": 6, "Median": 1.0, "Min": 0.0, "Biased Kurtosis": 1.1999999999999993, "Max": 1.0}, "results": [1.0, 0.0, 1.0, 1.0, 1.0, 1.0]}, "Separability": {"aggregations": {"Unbiased Variance": 0.016683417689150694, "Biased Skewness": -0.3825942928263167, "Mean": 0.4148551148551149, "Size": 6, "Median": 0.4587301587301587, "Min": 0.24324324324324326, "Biased Kurtosis": -1.4211902418829394, "Max": 0.5636363636363636}, "results": [0.49206349206349204, 0.2727272727272727, 0.5636363636363636, 0.4888888888888889, 0.24324324324324326, 0.42857142857142855]}, "Degree StatisticsUnbiased Variance": {"aggregations": {"Unbiased Variance": 19.47267444717195, "Biased Skewness": 0.2587525448851829, "Mean": 4.796714396714396, "Size": 6, "Median": 5.085714285714285, "Min": 0.0, "Biased Kurtosis": -1.1940078417885112, "Max": 11.384615384615385}, "results": [6.890909090909091, 0.3333333333333333, 6.885714285714286, 11.384615384615385, 3.285714285714285, 0.0]}, "Internal Number Nodes": {"aggregations": {"Unbiased Variance": 28.166666666666668, "Biased Skewness": -0.030126359642236977, "Mean": 8.833333333333334, "Size": 6, "Median": 9.0, "Min": 3.0, "Biased Kurtosis": -1.6363376632470852, "Max": 15.0}, "results": [11, 3, 15, 14, 7, 3]}, "TLU--Local Clustering CoefficientUnbiased Variance": {"aggregations": {"Unbiased Variance": 0.010623043045098193, "Biased Skewness": 0.4606954334794056, "Mean": 0.09610324772794249, "Size": 6, "Median": 0.06465654275178084, "Min": 0.0, "Biased Kurtosis": -1.504948140450288, "Max": 0.22492544848314078}, "results": [0.05676546645594264, 0.0, 0.07254761904761906, 0.22492544848314078, 0.22238095238095243, 0.0]}, "Maximum Out Degree Fraction": {"aggregations": {"Unbiased Variance": 0.003551657577631603, "Biased Skewness": -0.3479337934170239, "Mean": 0.6751082251082252, "Size": 6, "Median": 0.6833333333333333, "Min": 0.5833333333333334, "Biased Kurtosis": -0.9566505066519815, "Max": 0.75}, "results": [0.5833333333333334, 0.7142857142857143, 0.6363636363636364, 0.7, 0.75, 0.6666666666666666]}, "TLU--Local Clustering CoefficientBiased Kurtosis": {"aggregations": {"Unbiased Variance": 10.105326533161776, "Biased Skewness": 1.5969586506016267, "Mean": -0.9096083292953049, "Size": 6, "Median": -1.7864593542173994, "Min": -3.0, "Biased Kurtosis": 0.869922038797271, "Max": 5.422059488320441}, "results": [-1.3067907556574723, -3.0, 5.422059488320441, -1.8151936512333808, -1.757725057201418, -3.0]}, "Diameter": {"aggregations": {"Unbiased Variance": 0.9666666666666666, "Biased Skewness": 1.0501391538288456, "Mean": 2.1666666666666665, "Size": 6, "Median": 2.0, "Min": 1.0, "Biased Kurtosis": 0.3781212841854953, "Max": 4.0}, "results": [2, 2, 4, 2, 2, 1]}, "Degree StatisticsBiased Skewness": {"aggregations": {"Unbiased Variance": 0.6041505019654372, "Biased Skewness": 0.30669446352481733, "Mean": 1.0488831483146501, "Size": 6, "Median": 0.8932607685610736, "Min": 0.0, "Biased Kurtosis": -0.7493776505620762, "Max": 2.2568425951316238}, "results": [0.7317036620515239, 0.7071067811865479, 1.5428279764475832, 2.2568425951316238, 1.0548178750706232, 0.0]}, "Degree StatisticsMax": {"aggregations": {"Unbiased Variance": 20.0, "Biased Skewness": 0.0, "Mean": 7.0, "Size": 6, "Median": 7.5, "Min": 2.0, "Biased Kurtosis": -1.4136000000000002, "Max": 13.0}, "results": [10.0, 2.0, 9.0, 13.0, 6.0, 2.0]}, "Transitivity Undirected (Global Clustering Coefficient)": {"aggregations": {"Unbiased Variance": 0.1369749222495399, "Biased Skewness": 0.7378378843848786, "Mean": 0.3758163466774819, "Size": 6, "Median": 0.29094827586206895, "Min": 0.0, "Biased Kurtosis": -0.6823169275427574, "Max": 1.0}, "results": [0.5838926174496645, 0.0, 0.0891089108910891, 0.20689655172413793, 0.375, 1.0]}, "Degree StatisticsMedian": {"aggregations": {"Unbiased Variance": 0.9666666666666666, "Biased Skewness": 1.0501391538288456, "Mean": 2.1666666666666665, "Size": 6, "Median": 2.0, "Min": 1.0, "Biased Kurtosis": 0.3781212841854953, "Max": 4.0}, "results": [4.0, 1.0, 2.0, 2.0, 2.0, 2.0]}, "TLU--Local Clustering CoefficientMean": {"aggregations": {"Unbiased Variance": 0.1471961290285813, "Biased Skewness": -0.13687415582611812, "Mean": 0.5061067636067637, "Size": 6, "Median": 0.5506868131868132, "Min": 0.0, "Biased Kurtosis": -1.303555397024065, "Max": 1.0}, "results": [0.8052669552669552, 0.0, 0.12999999999999998, 0.5728021978021979, 0.5285714285714286, 1.0]}, "Conductance": {"aggregations": {"Unbiased Variance": 0.006969516671825514, "Biased Skewness": 0.5284525242830886, "Mean": 0.5563251803886305, "Size": 6,