{"metrics_elapsed": 0.1109769344329834, "name": "manip--edge_betweenness--0", "elapsed": 0.00548100471496582, "omega": null, "membership": [[0], [0], [0], [0], [0], [0], [0], [0], [0], [0], [0], [0], [0], [0], [0], [0], [0], [0], [0], [0], [0], [0], [0], [0], [0], [0], [0], [0], [0], [0], [0], [0], [0], [0], [0], [0], [0], [0], [0], [0], [0], [0], [0], [0], [0], [0], [0], [0], [0], [0], [0], [0], [0]], "metrics": {"Density": {"aggregations": {"Unbiased Variance": -1.0, "Biased Skewness": 0.0, "Mean": 0.07148040638606676, "Size": 1, "Median": 0.07148040638606676, "Min": 0.07148040638606676, "Biased Kurtosis": -3.0, "Max": 0.07148040638606676}, "results": [0.07148040638606676]}, "TLU--Local Clustering CoefficientSize": {"aggregations": {"Unbiased Variance": -1.0, "Biased Skewness": 0.0, "Mean": 53.0, "Size": 1, "Median": 53.0, "Min": 53.0, "Biased Kurtosis": -3.0, "Max": 53.0}, "results": [53]}, "Cut Ratio": {"aggregations": {"Unbiased Variance": -1.0, "Biased Skewness": 0.0, "Mean": 0.0, "Size": 1, "Median": 0.0, "Min": 0.0, "Biased Kurtosis": -3.0, "Max": 0.0}, "results": [0.0]}, "Degree StatisticsMean": {"aggregations": {"Unbiased Variance": -1.0, "Biased Skewness": 0.0, "Mean": 7.433962264150943, "Size": 1, "Median": 7.433962264150943, "Min": 7.433962264150943, "Biased Kurtosis": -3.0, "Max": 7.433962264150943}, "results": [7.433962264150943]}, "TLU--Local Clustering CoefficientMedian": {"aggregations": {"Unbiased Variance": -1.0, "Biased Skewness": 0.0, "Mean": 0.4222222222222222, "Size": 1, "Median": 0.4222222222222222, "Min": 0.4222222222222222, "Biased Kurtosis": -3.0, "Max": 0.4222222222222222}, "results": [0.4222222222222222]}, "Cohesiveness": {"aggregations": {"Unbiased Variance": -1.0, "Biased Skewness": 0.0, "Mean": 0.8494623655913979, "Size": 1, "Median": 0.8494623655913979, "Min": 0.8494623655913979, "Biased Kurtosis": -3.0, "Max": 0.8494623655913979}, "results": [0.8494623655913979]}, "Fraction over a Median Degree": {"aggregations": {"Unbiased Variance": -1.0, "Biased Skewness": 0.0, "Mean": 0.4716981132075472, "Size": 1, "Median": 0.4716981132075472, "Min": 0.4716981132075472, "Biased Kurtosis": -3.0, "Max": 0.4716981132075472}, "results": [0.4716981132075472]}, "Triangle Participation Ratio": {"aggregations": {"Unbiased Variance": -1.0, "Biased Skewness": 0.0, "Mean": 0.7735849056603774, "Size": 1, "Median": 0.7735849056603774, "Min": 0.7735849056603774, "Biased Kurtosis": -3.0, "Max": 0.7735849056603774}, "results": [0.7735849056603774]}, "TLU--Local Clustering CoefficientMax": {"aggregations": {"Unbiased Variance": -1.0, "Biased Skewness": 0.0, "Mean": 1.0, "Size": 1, "Median": 1.0, "Min": 1.0, "Biased Kurtosis": -3.0, "Max": 1.0}, "results": [1.0]}, "Separability": {"aggregations": {"Unbiased Variance": -1.0, "Biased Skewness": 0.0, "Mean": 0.0, "Size": 1, "Median": 0.0, "Min": 0.0, "Biased Kurtosis": -3.0, "Max": 0.0}, "results": [0.0]}, "Degree StatisticsUnbiased Variance": {"aggregations": {"Unbiased Variance": -1.0, "Biased Skewness": 0.0, "Mean": 54.365747460087086, "Size": 1, "Median": 54.365747460087086, "Min": 54.365747460087086, "Biased Kurtosis": -3.0, "Max": 54.365747460087086}, "results": [54.365747460087086]}, "Internal Number Nodes": {"aggregations": {"Unbiased Variance": -1.0, "Biased Skewness": 0.0, "Mean": 53.0, "Size": 1, "Median": 53.0, "Min": 53.0, "Biased Kurtosis": -3.0, "Max": 53.0}, "results": [53]}, "TLU--Local Clustering CoefficientUnbiased Variance": {"aggregations": {"Unbiased Variance": -1.0, "Biased Skewness": 0.0, "Mean": 0.1254418961780736, "Size": 1, "Median": 0.1254418961780736, "Min": 0.1254418961780736, "Biased Kurtosis": -3.0, "Max": 0.1254418961780736}, "results": [0.1254418961780736]}, "Maximum Out Degree Fraction": {"aggregations": {"Unbiased Variance": -1.0, "Biased Skewness": 0.0, "Mean": 0.0, "Size": 1, "Median": 0.0, "Min": 0.0, "Biased Kurtosis": -3.0, "Max": 0.0}, "results": [0.0]}, "TLU--Local Clustering CoefficientBiased Kurtosis": {"aggregations": {"Unbiased Variance": -1.0, "Biased Skewness": 0.0, "Mean": -1.166782925563607, "Size": 1, "Median": -1.166782925563607, "Min": -1.166782925563607, "Biased Kurtosis": -3.0, "Max": -1.166782925563607}, "results": [-1.166782925563607]}, "Diameter": {"aggregations": {"Unbiased Variance": -1.0, "Biased Skewness": 0.0, "Mean": 6.0, "Size": 1, "Median": 6.0, "Min": 6.0, "Biased Kurtosis": -3.0, "Max": 6.0}, "results": [6]}, "Degree StatisticsBiased Skewness": {"aggregations": {"Unbiased Variance": -1.0, "Biased Skewness": 0.0, "Mean": 1.5438729357891154, "Size": 1, "Median": 1.5438729357891154, "Min": 1.5438729357891154, "Biased Kurtosis": -3.0, "Max": 1.5438729357891154}, "results": [1.5438729357891154]}, "Degree StatisticsMax": {"aggregations": {"Unbiased Variance": -1.0, "Biased Skewness": 0.0, "Mean": 29.0, "Size": 1, "Median": 29.0, "Min": 29.0, "Biased Kurtosis": -3.0, "Max": 29.0}, "results": [29.0]}, "Transitivity Undirected (Global Clustering Coefficient)": {"aggregations": {"Unbiased Variance": -1.0, "Biased Skewness": 0.0, "Mean": 0.31830873554048666, "Size": 1, "Median": 0.31830873554048666, "Min": 0.31830873554048666, "Biased Kurtosis": -3.0, "Max": 0.31830873554048666}, "results": [0.31830873554048666]}, "Degree StatisticsMedian": {"aggregations": {"Unbiased Variance": -1.0, "Biased Skewness": 0.0, "Mean": 5.0, "Size": 1, "Median": 5.0, "Min": 5.0, "Biased Kurtosis": -3.0, "Max": 5.0}, "results": [5.0]}, "TLU--Local Clustering CoefficientMean": {"aggregations": {"Unbiased Variance": -1.0, "Biased Skewness": 0.0, "Mean": 0.4542614546809619, "Size": 1, "Median": 0.4542614546809619, "Min": 0.4542614546809619, "Biased Kurtosis": -3.0, "Max": 0.4542614546809619}, "results": [0.4542614546809619]}, "Conductance": {"aggregations": {"Unbiased Variance": -1.0, "Biased Skewness": 0.0, "Mean": 0.0, "Size": 1, "Median": 0.0, "Min": 0.0, "Biased Kurtosis": -3.0, "Max": 0.0}, "results": [0.0]}, "Flake Out Degree Fraction": {"aggregations": {"Unbiased Variance": -1.0, "Biased Skewness": 0.0, "Mean": 0.0, "Size": 1, "Median": 0.0, "Min": 0.0, "Biased Kurtosis": -3.0, "Max": 0.0}, "results": [0.0]}, "Degree StatisticsBiased Kurtosis": {"aggregations": {"Unbiased Variance": -1.0, "Biased Skewness": 0.0, "Mean": 1.4445028006892313, "Size": 1, "Median": 1.4445028006892313, "Min": 1.4445028006892313, "Biased Kurtosis": -3.0, "Max": 1.4445028006892313}, "results": [1.4445028006892313]}, "TLU--Local Clustering CoefficientMin": {"aggregations": {"Unbiased Variance": -1.0, "Biased Skewness": 0.0, "Mean": 0.0, "Size": 1, "Median": 0.0, "Min": 0.0, "Biased Kurtosis": -3.0, "Max": 0.0}, "results": [0.0]}, "TLU--Local Clustering CoefficientBiased Skewness": {"aggregations": {"Unbiased Variance": -1.0, "Biased Skewness": 0.0, "Mean": 0.23146267041148297, "Size": 1, "Median": 0.23146267041148297, "Min": 0.23146267041148297, "Biased Kurtosis": -3.0, "Max": 0.23146267041148297}, "results": [0.23146267041148297]}, "Average Out Degree Fraction": {"aggregations": {"Unbiased Variance": -1.0, "Biased Skewness": 0.0, "Mean": 0.0, "Size": 1, "Median": 0.0, "Min": 0.0, "Biased Kurtosis": -3.0, "Max": 0.0}, "results": [0.0]}, "Degree StatisticsMin": {"aggregations": {"Unbiased Variance": -1.0, "Biased Skewness": 0.0, "Mean": 1.0, "Size": 1, "Median": 1.0, "Min": 1.0, "Biased Kurtosis": -3.0, "Max": 1.0}, "results": [1.0]}, "Normalized Cut": {"aggregations": {"Unbiased Variance": -1.0, "Biased Skewness": 0.0, "Mean": 0.0, "Size": 1, "Median": 0.0, "Min": 0.0, "Biased Kurtosis": -3.0, "Max": 0.0}, "results": [0.0]}, "Expansion": {"aggregations": {"Unbiased Variance": -1.0, "Biased Skewness": 0.0, "Mean": 0.0, "Size": 1, "Median": 0.0, "Min": 0.0, "Biased Kurtosis": -3.0, "Max": 0.0}, "results": [0.0]}, "Internal Number Edges": {"aggregations": {"Unbiased Variance": -1.0, "Biased Skewness": 0.0, "Mean": 197.0, "Size": 1, "Median": 197.0, "Min": 197.0, "Biased Kurtosis": -3.0, "Max": 197.0}, "results": [197]},