{"metrics_elapsed": 0.14895200729370117, "name": "manip--radicchi_strong--0", "elapsed": 0.07048201560974121, "omega": null, "membership": [[0], [0], [0], [0], [0], [0], [0], [0], [0], [0], [0], [0], [0], [0], [0], [0], [0], [0], [0], [0], [0], [0], [0], [0], [0], [0], [0], [0], [0], [0], [0], [0], [0], [0], [0], [0], [0], [0], [0], [0], [0], [0], [0], [0], [0], [0], [0], [0], [0], [0], [0], [0], [0]], "metrics": {"Density": {"aggregations": {"Unbiased Variance": -1.0, "Biased Skewness": 0.0, "Mean": 0.13933236574746008, "Size": 1, "Median": 0.13933236574746008, "Min": 0.13933236574746008, "Biased Kurtosis": -3.0, "Max": 0.13933236574746008}, "results": [0.13933236574746008]}, "TLU--Local Clustering CoefficientSize": {"aggregations": {"Unbiased Variance": -1.0, "Biased Skewness": 0.0, "Mean": 53.0, "Size": 1, "Median": 53.0, "Min": 53.0, "Biased Kurtosis": -3.0, "Max": 53.0}, "results": [53]}, "Cut Ratio": {"aggregations": {"Unbiased Variance": -1.0, "Biased Skewness": 0.0, "Mean": 0.0, "Size": 1, "Median": 0.0, "Min": 0.0, "Biased Kurtosis": -3.0, "Max": 0.0}, "results": [0.0]}, "Degree StatisticsMean": {"aggregations": {"Unbiased Variance": -1.0, "Biased Skewness": 0.0, "Mean": 7.245283018867925, "Size": 1, "Median": 7.245283018867925, "Min": 7.245283018867925, "Biased Kurtosis": -3.0, "Max": 7.245283018867925}, "results": [7.245283018867925]}, "TLU--Local Clustering CoefficientMedian": {"aggregations": {"Unbiased Variance": -1.0, "Biased Skewness": 0.0, "Mean": 0.5, "Size": 1, "Median": 0.5, "Min": 0.5, "Biased Kurtosis": -3.0, "Max": 0.5}, "results": [0.5]}, "Cohesiveness": {"aggregations": {"Unbiased Variance": -1.0, "Biased Skewness": 0.0, "Mean": 0.3872832369942196, "Size": 1, "Median": 0.3872832369942196, "Min": 0.3872832369942196, "Biased Kurtosis": -3.0, "Max": 0.3872832369942196}, "results": [0.3872832369942196]}, "Fraction over a Median Degree": {"aggregations": {"Unbiased Variance": -1.0, "Biased Skewness": 0.0, "Mean": 0.4339622641509434, "Size": 1, "Median": 0.4339622641509434, "Min": 0.4339622641509434, "Biased Kurtosis": -3.0, "Max": 0.4339622641509434}, "results": [0.4339622641509434]}, "Triangle Participation Ratio": {"aggregations": {"Unbiased Variance": -1.0, "Biased Skewness": 0.0, "Mean": 0.7735849056603774, "Size": 1, "Median": 0.7735849056603774, "Min": 0.7735849056603774, "Biased Kurtosis": -3.0, "Max": 0.7735849056603774}, "results": [0.7735849056603774]}, "TLU--Local Clustering CoefficientMax": {"aggregations": {"Unbiased Variance": -1.0, "Biased Skewness": 0.0, "Mean": 1.0, "Size": 1, "Median": 1.0, "Min": 1.0, "Biased Kurtosis": -3.0, "Max": 1.0}, "results": [1.0]}, "Separability": {"aggregations": {"Unbiased Variance": -1.0, "Biased Skewness": 0.0, "Mean": 0.0, "Size": 1, "Median": 0.0, "Min": 0.0, "Biased Kurtosis": -3.0, "Max": 0.0}, "results": [0.0]}, "Degree StatisticsUnbiased Variance": {"aggregations": {"Unbiased Variance": -1.0, "Biased Skewness": 0.0, "Mean": 50.304063860667654, "Size": 1, "Median": 50.304063860667654, "Min": 50.304063860667654, "Biased Kurtosis": -3.0, "Max": 50.304063860667654}, "results": [50.304063860667654]}, "Internal Number Nodes": {"aggregations": {"Unbiased Variance": -1.0, "Biased Skewness": 0.0, "Mean": 53.0, "Size": 1, "Median": 53.0, "Min": 53.0, "Biased Kurtosis": -3.0, "Max": 53.0}, "results": [53]}, "TLU--Local Clustering CoefficientUnbiased Variance": {"aggregations": {"Unbiased Variance": -1.0, "Biased Skewness": 0.0, "Mean": 0.12533079614309492, "Size": 1, "Median": 0.12533079614309492, "Min": 0.12533079614309492, "Biased Kurtosis": -3.0, "Max": 0.12533079614309492}, "results": [0.12533079614309492]}, "Maximum Out Degree Fraction": {"aggregations": {"Unbiased Variance": -1.0, "Biased Skewness": 0.0, "Mean": 0.0, "Size": 1, "Median": 0.0, "Min": 0.0, "Biased Kurtosis": -3.0, "Max": 0.0}, "results": [0.0]}, "TLU--Local Clustering CoefficientBiased Kurtosis": {"aggregations": {"Unbiased Variance": -1.0, "Biased Skewness": 0.0, "Mean": -1.1904917923904352, "Size": 1, "Median": -1.1904917923904352, "Min": -1.1904917923904352, "Biased Kurtosis": -3.0, "Max": -1.1904917923904352}, "results": [-1.1904917923904352]}, "Diameter": {"aggregations": {"Unbiased Variance": -1.0, "Biased Skewness": 0.0, "Mean": 4.0, "Size": 1, "Median": 4.0, "Min": 4.0, "Biased Kurtosis": -3.0, "Max": 4.0}, "results": [4]}, "Degree StatisticsBiased Skewness": {"aggregations": {"Unbiased Variance": -1.0, "Biased Skewness": 0.0, "Mean": 1.5574668618426617, "Size": 1, "Median": 1.5574668618426617, "Min": 1.5574668618426617, "Biased Kurtosis": -3.0, "Max": 1.5574668618426617}, "results": [1.5574668618426617]}, "Degree StatisticsMax": {"aggregations": {"Unbiased Variance": -1.0, "Biased Skewness": 0.0, "Mean": 29.0, "Size": 1, "Median": 29.0, "Min": 29.0, "Biased Kurtosis": -3.0, "Max": 29.0}, "results": [29.0]}, "Transitivity Undirected (Global Clustering Coefficient)": {"aggregations": {"Unbiased Variance": -1.0, "Biased Skewness": 0.0, "Mean": 0.31830873554048666, "Size": 1, "Median": 0.31830873554048666, "Min": 0.31830873554048666, "Biased Kurtosis": -3.0, "Max": 0.31830873554048666}, "results": [0.31830873554048666]}, "Degree StatisticsMedian": {"aggregations": {"Unbiased Variance": -1.0, "Biased Skewness": 0.0, "Mean": 5.0, "Size": 1, "Median": 5.0, "Min": 5.0, "Biased Kurtosis": -3.0, "Max": 5.0}, "results": [5.0]}, "TLU--Local Clustering CoefficientMean": {"aggregations": {"Unbiased Variance": -1.0, "Biased Skewness": 0.0, "Mean": 0.4660189879095025, "Size": 1, "Median": 0.4660189879095025, "Min": 0.4660189879095025, "Biased Kurtosis": -3.0, "Max": 0.4660189879095025}, "results": [0.4660189879095025]}, "Conductance": {"aggregations": {"Unbiased Variance": -1.0, "Biased Skewness": 0.0, "Mean": 0.0, "Size": 1, "Median": 0.0, "Min": 0.0, "Biased Kurtosis": -3.0, "Max": 0.0}, "results": [0.0]}, "Flake Out Degree Fraction": {"aggregations": {"Unbiased Variance": -1.0, "Biased Skewness": 0.0, "Mean": 0.0, "Size": 1, "Median": 0.0, "Min": 0.0, "Biased Kurtosis": -3.0, "Max": 0.0}, "results": [0.0]}, "Degree StatisticsBiased Kurtosis": {"aggregations": {"Unbiased Variance": -1.0, "Biased Skewness": 0.0, "Mean": 1.5816777566033622, "Size": 1, "Median": 1.5816777566033622, "Min": 1.5816777566033622, "Biased Kurtosis": -3.0, "Max": 1.5816777566033622}, "results": [1.5816777566033622]}, "TLU--Local Clustering CoefficientMin": {"aggregations": {"Unbiased Variance": -1.0, "Biased Skewness": 0.0, "Mean": 0.0, "Size": 1, "Median": 0.0, "Min": 0.0, "Biased Kurtosis": -3.0, "Max": 0.0}, "results": [0.0]}, "TLU--Local Clustering CoefficientBiased Skewness": {"aggregations": {"Unbiased Variance": -1.0, "Biased Skewness": 0.0, "Mean": 0.1409395021617017, "Size": 1, "Median": 0.1409395021617017, "Min": 0.1409395021617017, "Biased Kurtosis": -3.0, "Max": 0.1409395021617017}, "results": [0.1409395021617017]}, "Average Out Degree Fraction": {"aggregations": {"Unbiased Variance": -1.0, "Biased Skewness": 0.0, "Mean": 0.0, "Size": 1, "Median": 0.0, "Min": 0.0, "Biased Kurtosis": -3.0, "Max": 0.0}, "results": [0.0]}, "Degree StatisticsMin": {"aggregations": {"Unbiased Variance": -1.0, "Biased Skewness": 0.0, "Mean": 1.0, "Size": 1, "Median": 1.0, "Min": 1.0, "Biased Kurtosis": -3.0, "Max": 1.0}, "results": [1.0]}, "Normalized Cut": {"aggregations": {"Unbiased Variance": -1.0, "Biased Skewness": 0.0, "Mean": 0.0, "Size": 1, "Median": 0.0, "Min": 0.0, "Biased Kurtosis": -3.0, "Max": 0.0}, "results": [0.0]}, "Expansion": {"aggregations": {"Unbiased Variance": -1.0, "Biased Skewness": 0.0, "Mean": 0.0, "Size": 1, "Median": 0.0, "Min": 0.0, "Biased Kurtosis": -3.0, "Max": 0.0}, "results": [0.0]}, "Internal Number Edges": {"aggregations": {"Unbiased Variance": -1.0, "Biased Skewness": 0.0, "Mean": 192.0, "Size": 1, "Median": 192.0, "Min": 192.0, "Biased Kurtosis": -3.0, "Max": 192.0}, "results": [192]}, "Degree StatisticsSize": {"aggregations": {"Unbiased Variance": -1.0, "Biased Skewness": 0.0, "Mean": 53.0, "Size": 1, "Median": 53.0,