{"metrics_elapsed": 0.429502010345459, "name": "manip--clauset_newman_moore--0", "elapsed": 0.1535968780517578, "omega": null, "membership": [[0], [0], [1], [4], [1], [2], [1], [4], [4], [2], [4], [3], [1], [3], [3], [1], [2], [2], [4], [2], [4], [3], [2], [3], [4], [2], [3], [2], [1], [2], [5], [2], [5], [0], [1], [1], [2], [1], [4], [4], [1], [2], [3], [4], [1], [2], [4], [5], [0], [4], [1], [1], [4]], "metrics": {"Density": {"aggregations": {"Unbiased Variance": 0.07532593576549619, "Biased Skewness": 1.2808660367496707, "Mean": 0.47741147741147744, "Size": 6, "Median": 0.42582417582417587, "Min": 0.25641025641025644, "Biased Kurtosis": 0.3571508110284376, "Max": 1.0}, "results": [0.5, 0.4230769230769231, 0.25641025641025644, 0.4285714285714286, 0.25641025641025644, 1.0]}, "TLU--Local Clustering CoefficientSize": {"aggregations": {"Unbiased Variance": 22.56666666666667, "Biased Skewness": -0.20550650222505196, "Mean": 8.833333333333334, "Size": 6, "Median": 10.0, "Min": 3.0, "Biased Kurtosis": -1.7656530570834488, "Max": 13.0}, "results": [4, 13, 13, 7, 13, 3]}, "Cut Ratio": {"aggregations": {"Unbiased Variance": 0.0006348983072961171, "Biased Skewness": -0.37782479954669207, "Mean": 0.0875760850605571, "Size": 6, "Median": 0.08461538461538462, "Min": 0.04666666666666667, "Biased Kurtosis": -0.6152986123692119, "Max": 0.11923076923076924}, "results": [0.08163265306122448, 0.11923076923076924, 0.08461538461538462, 0.10869565217391304, 0.08461538461538462, 0.04666666666666667]}, "Degree StatisticsMean": {"aggregations": {"Unbiased Variance": 1.5355925210320813, "Biased Skewness": 0.8283392189900043, "Mean": 2.8836996336996337, "Size": 6, "Median": 2.8241758241758244, "Min": 1.5, "Biased Kurtosis": -0.20857855779042067, "Max": 5.076923076923077}, "results": [1.5, 5.076923076923077, 3.076923076923077, 2.5714285714285716, 3.076923076923077, 2.0]}, "TLU--Local Clustering CoefficientMedian": {"aggregations": {"Unbiased Variance": 0.2066666666666667, "Biased Skewness": -0.22282858801811264, "Mean": 0.5333333333333333, "Size": 6, "Median": 0.6, "Min": 0.0, "Biased Kurtosis": -1.5533818938605621, "Max": 1.0}, "results": [0.0, 0.7, 0.0, 0.5, 1.0, 1.0]}, "Cohesiveness": {"aggregations": {"Unbiased Variance": 0.08141564754446202, "Biased Skewness": 0.6584139149820092, "Mean": 0.6344720496894409, "Size": 6, "Median": 0.4891304347826087, "Min": 0.4, "Biased Kurtosis": -1.4993582878713827, "Max": 1.0}, "results": [1.0, 0.4782608695652174, 0.42857142857142855, 0.5, 0.4, 1.0]}, "Fraction over a Median Degree": {"aggregations": {"Unbiased Variance": 0.021321901541681766, "Biased Skewness": 0.4254843794905732, "Mean": 0.152014652014652, "Size": 6, "Median": 0.14835164835164835, "Min": 0.0, "Biased Kurtosis": -0.8706130173882443, "Max": 0.38461538461538464}, "results": [0.0, 0.38461538461538464, 0.23076923076923078, 0.14285714285714285, 0.15384615384615385, 0.0]}, "Triangle Participation Ratio": {"aggregations": {"Unbiased Variance": 0.14127520830817536, "Biased Skewness": -0.7825111143863207, "Mean": 0.6318681318681318, "Size": 6, "Median": 0.7417582417582418, "Min": 0.0, "Biased Kurtosis": -0.7260620872728483, "Max": 1.0}, "results": [0.0, 0.9230769230769231, 0.38461538461538464, 0.7142857142857143, 0.7692307692307693, 1.0]}, "TLU--Local Clustering CoefficientMax": {"aggregations": {"Unbiased Variance": 0.16666666666666669, "Biased Skewness": -1.788854381999831, "Mean": 0.8333333333333334, "Size": 6, "Median": 1.0, "Min": 0.0, "Biased Kurtosis": 1.1999999999999993, "Max": 1.0}, "results": [0.0, 1.0, 1.0, 1.0, 1.0, 1.0]}, "Separability": {"aggregations": {"Unbiased Variance": 0.016977646098459715, "Biased Skewness": -0.4080072832417111, "Mean": 0.39285641638582813, "Size": 6, "Median": 0.43977591036414565, "Min": 0.2222222222222222, "Biased Kurtosis": -1.3898789495462005, "Max": 0.5454545454545454}, "results": [0.2222222222222222, 0.5454545454545454, 0.45098039215686275, 0.24324324324324326, 0.4666666666666667, 0.42857142857142855]}, "Degree StatisticsUnbiased Variance": {"aggregations": {"Unbiased Variance": 18.20597888070416, "Biased Skewness": 0.30538780726663206, "Mean": 4.752747252747253, "Size": 6, "Median": 3.9313186813186807, "Min": 0.0, "Biased Kurtosis": -1.447279658067318, "Max": 10.41025641025641}, "results": [1.0, 9.243589743589745, 4.576923076923077, 3.285714285714285, 10.41025641025641, 0.0]}, "Internal Number Nodes": {"aggregations": {"Unbiased Variance": 22.56666666666667, "Biased Skewness": -0.20550650222505196, "Mean": 8.833333333333334, "Size": 6, "Median": 10.0, "Min": 3.0, "Biased Kurtosis": -1.7656530570834488, "Max": 13.0}, "results": [4, 13, 13, 7, 13, 3]}, "TLU--Local Clustering CoefficientUnbiased Variance": {"aggregations": {"Unbiased Variance": 0.009595899020324648, "Biased Skewness": 0.1942147148251669, "Mean": 0.10293355373983078, "Size": 6, "Median": 0.09128395654369678, "Min": 0.0, "Biased Kurtosis": -1.5059144142169638, "Max": 0.22238095238095243}, "results": [0.0, 0.1015678549444783, 0.08100005814291528, 0.22238095238095243, 0.21265245697063875, 0.0]}, "Maximum Out Degree Fraction": {"aggregations": {"Unbiased Variance": 0.007874223478430366, "Biased Skewness": 0.9224511708594393, "Mean": 0.7297935495303917, "Size": 6, "Median": 0.7184210526315788, "Min": 0.6363636363636364, "Biased Kurtosis": -0.1600316328356639, "Max": 0.8888888888888888}, "results": [0.8888888888888888, 0.6363636363636364, 0.7368421052631579, 0.75, 0.7, 0.6666666666666666]}, "TLU--Local Clustering CoefficientBiased Kurtosis": {"aggregations": {"Unbiased Variance": 7.182084809477084, "Biased Skewness": 1.2335146810811524, "Mean": -0.9096335449056966, "Size": 6, "Median": -1.7135781657296443, "Min": -3.0, "Biased Kurtosis": 0.1610718559028137, "Max": 4.120155838452773}, "results": [-3.0, -0.1508007764276642, 4.120155838452773, -1.757725057201418, -1.6694312742578703, -3.0]}, "Diameter": {"aggregations": {"Unbiased Variance": 1.0666666666666667, "Biased Skewness": 0.48613591206575074, "Mean": 2.3333333333333335, "Size": 6, "Median": 2.0, "Min": 1.0, "Biased Kurtosis": -0.6562500000000004, "Max": 4.0}, "results": [2, 3, 4, 2, 2, 1]}, "Degree StatisticsBiased Skewness": {"aggregations": {"Unbiased Variance": 0.4448374300336754, "Biased Skewness": 0.07886648702975643, "Mean": 1.0046518779795848, "Size": 6, "Median": 1.0603086745200154, "Min": 0.0, "Biased Kurtosis": -0.30097986696062096, "Max": 2.050778626625222}, "results": [1.1547005383792515, 0.7018147538330052, 1.0657994739694077, 1.0548178750706232, 2.050778626625222, 0.0]}, "Degree StatisticsMax": {"aggregations": {"Unbiased Variance": 16.56666666666667, "Biased Skewness": 0.13140950878222749, "Mean": 6.833333333333333, "Size": 6, "Median": 6.5, "Min": 2.0, "Biased Kurtosis": -1.4468217757247714, "Max": 12.0}, "results": [3.0, 11.0, 7.0, 6.0, 12.0, 2.0]}, "Transitivity Undirected (Global Clustering Coefficient)": {"aggregations": {"Unbiased Variance": 0.12863325419693625, "Biased Skewness": 0.7925503002297383, "Mean": 0.3814725987208825, "Size": 6, "Median": 0.3028846153846154, "Min": 0.0, "Biased Kurtosis": -0.4923560894758956, "Max": 1.0}, "results": [0.0, 0.5526315789473685, 0.13043478260869565, 0.375, 0.23076923076923078, 1.0]}, "Degree StatisticsMedian": {"aggregations": {"Unbiased Variance": 0.9666666666666666, "Biased Skewness": 1.0501391538288456, "Mean": 2.1666666666666665, "Size": 6, "Median": 2.0, "Min": 1.0, "Biased Kurtosis": 0.3781212841854953, "Max": 4.0}, "results": [1.0, 4.0, 2.0, 2.0, 2.0, 2.0]}, "TLU--Local Clustering CoefficientMean": {"aggregations": {"Unbiased Variance": 0.13651903755913636, "Biased Skewness": -0.15755137435694963, "Mean": 0.5036306286306286, "Size": 6, "Median": 0.5734348984348985, "Min": 0.0, "Biased Kurtosis": -1.1680437855008274, "Max": 1.0}, "results": [0.0, 0.7203352203352202, 0.15457875457875458, 0.5285714285714286, 0.6182983682983684, 1.0]}, "Conductance": {"aggregations": {"Unbiased Variance": 0.007931698756096842, "Biased Skewness": 0.5527645236096754,