{"metrics_elapsed": 0.22626495361328125, "name": "manip--leading_eigenvector--0", "elapsed": 0.01741194725036621, "omega": null, "membership": [[0], [0], [1], [0], [1], [0], [1], [1], [0], [1], [0], [0], [1], [1], [1], [1], [0], [0], [0], [1], [0], [0], [1], [1], [0], [0], [1], [0], [1], [0], [0], [1], [1], [0], [0], [1], [1], [0], [0], [0], [1], [1], [1], [0], [1], [0], [0], [0], [0], [0], [0], [1], [0]], "metrics": {"Density": {"aggregations": {"Unbiased Variance": 0.012768326374106284, "Biased Skewness": 0.0, "Mean": 0.20863659079551133, "Size": 2, "Median": 0.20863659079551133, "Min": 0.12873563218390804, "Biased Kurtosis": -2.0, "Max": 0.2885375494071146}, "results": [0.12873563218390804, 0.2885375494071146]}, "TLU--Local Clustering CoefficientSize": {"aggregations": {"Unbiased Variance": 24.5, "Biased Skewness": 0.0, "Mean": 26.5, "Size": 2, "Median": 26.5, "Min": 23.0, "Biased Kurtosis": -2.0, "Max": 30.0}, "results": [30, 23]}, "Cut Ratio": {"aggregations": {"Unbiased Variance": 0.0, "Biased Skewness": 0.0, "Mean": 0.09130434782608696, "Size": 2, "Median": 0.09130434782608696, "Min": 0.09130434782608696, "Biased Kurtosis": -3.0, "Max": 0.09130434782608696}, "results": [0.09130434782608696, 0.09130434782608696]}, "Degree StatisticsMean": {"aggregations": {"Unbiased Variance": 3.4177861793740805, "Biased Skewness": 1.093353426196629e-15, "Mean": 5.040579710144927, "Size": 2, "Median": 5.040579710144927, "Min": 3.7333333333333334, "Biased Kurtosis": -2.0000000000000004, "Max": 6.3478260869565215}, "results": [3.7333333333333334, 6.3478260869565215]}, "TLU--Local Clustering CoefficientMedian": {"aggregations": {"Unbiased Variance": 0.004535147392290259, "Biased Skewness": 0.0, "Mean": 0.6190476190476191, "Size": 2, "Median": 0.6190476190476191, "Min": 0.5714285714285714, "Biased Kurtosis": -2.0, "Max": 0.6666666666666667}, "results": [0.6666666666666667, 0.5714285714285714]}, "Cohesiveness": {"aggregations": {"Unbiased Variance": 0.007977839335180049, "Biased Skewness": 0.0, "Mean": 0.4631578947368421, "Size": 2, "Median": 0.4631578947368421, "Min": 0.4, "Biased Kurtosis": -2.0, "Max": 0.5263157894736842}, "results": [0.4, 0.5263157894736842]}, "Fraction over a Median Degree": {"aggregations": {"Unbiased Variance": 0.07942134005461036, "Biased Skewness": 2.1921457887097557e-16, "Mean": 0.3659420289855072, "Size": 2, "Median": 0.3659420289855072, "Min": 0.16666666666666666, "Biased Kurtosis": -1.9999999999999998, "Max": 0.5652173913043478}, "results": [0.16666666666666666, 0.5652173913043478]}, "Triangle Participation Ratio": {"aggregations": {"Unbiased Variance": 0.012707414408737667, "Biased Skewness": 0.0, "Mean": 0.7463768115942029, "Size": 2, "Median": 0.7463768115942029, "Min": 0.6666666666666666, "Biased Kurtosis": -2.0, "Max": 0.8260869565217391}, "results": [0.6666666666666666, 0.8260869565217391]}, "TLU--Local Clustering CoefficientMax": {"aggregations": {"Unbiased Variance": 0.0, "Biased Skewness": 0.0, "Mean": 1.0, "Size": 2, "Median": 1.0, "Min": 1.0, "Biased Kurtosis": -3.0, "Max": 1.0}, "results": [1.0, 1.0]}, "Separability": {"aggregations": {"Unbiased Variance": 0.01999999999999999, "Biased Skewness": -3.252606517456516e-15, "Mean": 1.1, "Size": 2, "Median": 1.1, "Min": 1.0, "Biased Kurtosis": -1.9999999999999998, "Max": 1.2}, "results": [1.0, 1.2]}, "Degree StatisticsUnbiased Variance": {"aggregations": {"Unbiased Variance": 31.125336674388105, "Biased Skewness": 1.3888180641501328e-15, "Mean": 21.636654400072693, "Size": 2, "Median": 21.636654400072693, "Min": 17.69169960474309, "Biased Kurtosis": -1.9999999999999998, "Max": 25.5816091954023}, "results": [25.5816091954023, 17.69169960474309]}, "Internal Number Nodes": {"aggregations": {"Unbiased Variance": 24.5, "Biased Skewness": 0.0, "Mean": 26.5, "Size": 2, "Median": 26.5, "Min": 23.0, "Biased Kurtosis": -2.0, "Max": 30.0}, "results": [30, 23]}, "TLU--Local Clustering CoefficientUnbiased Variance": {"aggregations": {"Unbiased Variance": 0.006819090312534795, "Biased Skewness": -7.488042512002435e-16, "Mean": 0.1649703682582518, "Size": 2, "Median": 0.1649703682582518, "Min": 0.10657905763528838, "Biased Kurtosis": -2.0, "Max": 0.22336167888121516}, "results": [0.22336167888121516, 0.10657905763528838]}, "Maximum Out Degree Fraction": {"aggregations": {"Unbiased Variance": 0.0049999999999999975, "Biased Skewness": -3.252606517456516e-15, "Mean": 0.55, "Size": 2, "Median": 0.55, "Min": 0.5, "Biased Kurtosis": -1.9999999999999998, "Max": 0.6}, "results": [0.6, 0.5]}, "TLU--Local Clustering CoefficientBiased Kurtosis": {"aggregations": {"Unbiased Variance": 0.5738119926085965, "Biased Skewness": -5.418287627256064e-16, "Mean": -1.3522051650796207, "Size": 2, "Median": -1.3522051650796207, "Min": -1.8878412321104905, "Biased Kurtosis": -2.0, "Max": -0.8165690980487512}, "results": [-1.8878412321104905, -0.8165690980487512]}, "Diameter": {"aggregations": {"Unbiased Variance": 0.0, "Biased Skewness": 0.0, "Mean": 4.0, "Size": 2, "Median": 4.0, "Min": 4.0, "Biased Kurtosis": -3.0, "Max": 4.0}, "results": [4, 4]}, "Degree StatisticsBiased Skewness": {"aggregations": {"Unbiased Variance": 1.165957107845816, "Biased Skewness": -1.8706503746379262e-16, "Mean": 1.7096744662002707, "Size": 2, "Median": 1.7096744662002707, "Min": 0.9461441433427512, "Biased Kurtosis": -2.0, "Max": 2.47320478905779}, "results": [2.47320478905779, 0.9461441433427512]}, "Degree StatisticsMax": {"aggregations": {"Unbiased Variance": 2.0, "Biased Skewness": 0.0, "Mean": 18.0, "Size": 2, "Median": 18.0, "Min": 17.0, "Biased Kurtosis": -2.0, "Max": 19.0}, "results": [19.0, 17.0]}, "Transitivity Undirected (Global Clustering Coefficient)": {"aggregations": {"Unbiased Variance": 0.030055434702196366, "Biased Skewness": 7.062394807260645e-16, "Mean": 0.32869446075552944, "Size": 2, "Median": 0.32869446075552944, "Min": 0.20610687022900764, "Biased Kurtosis": -2.0, "Max": 0.4512820512820513}, "results": [0.20610687022900764, 0.4512820512820513]}, "Degree StatisticsMedian": {"aggregations": {"Unbiased Variance": 8.0, "Biased Skewness": 0.0, "Mean": 4.0, "Size": 2, "Median": 4.0, "Min": 2.0, "Biased Kurtosis": -2.0, "Max": 6.0}, "results": [2.0, 6.0]}, "TLU--Local Clustering CoefficientMean": {"aggregations": {"Unbiased Variance": 8.470974922035671e-05, "Biased Skewness": 0.0, "Mean": 0.5301964440862676, "Size": 2, "Median": 0.5301964440862676, "Min": 0.5236883818085863, "Biased Kurtosis": -2.0, "Max": 0.536704506363949}, "results": [0.536704506363949, 0.5236883818085863]}, "Conductance": {"aggregations": {"Unbiased Variance": 0.0007689350249903873, "Biased Skewness": 0.0, "Mean": 0.3137254901960784, "Size": 2, "Median": 0.3137254901960784, "Min": 0.29411764705882354, "Biased Kurtosis": -2.0, "Max": 0.3333333333333333}, "results": [0.3333333333333333, 0.29411764705882354]}, "Flake Out Degree Fraction": {"aggregations": {"Unbiased Variance": 0.005000000000000001, "Biased Skewness": 0.0, "Mean": 0.05, "Size": 2, "Median": 0.05, "Min": 0.0, "Biased Kurtosis": -2.0, "Max": 0.1}, "results": [0.1, 0.0]}, "Degree StatisticsBiased Kurtosis": {"aggregations": {"Unbiased Variance": 8.465426475474814, "Biased Skewness": -3.059801138354212e-16, "Mean": 2.4542062601185455, "Size": 2, "Median": 2.4542062601185455, "Min": 0.39685037507157395, "Biased Kurtosis": -2.0, "Max": 4.511562145165517}, "results": [4.511562145165517, 0.39685037507157395]}, "TLU--Local Clustering CoefficientMin": {"aggregations": {"Unbiased Variance": 0.0, "Biased Skewness": 0.0, "Mean": 0.0, "Size": 2, "Median": 0.0, "Min": 0.0, "Biased Kurtosis": -3.0, "Max": 0.0}, "results": [0.0, 0.0]}, "TLU--Local Clustering CoefficientBiased Skewness": {"aggregations": {"Unbiased Variance": 0.0038891284073860406, "Biased Skewness": 0.0, "Mean": -0.14953334010332178, "Size": 2, "Median": -0.14953334010332178, "Min": -0.19363055320906147, "Biased Kurtosis": -2.0, "Max": -0.10543612699758209}, "results": [-0.10543612699758209, -0.19363055320906147]},