{"metrics_elapsed": 0.29805588722229004, "name": "manip--fastgreedy--0", "elapsed": 0.002769947052001953, "omega": null, "membership": [[0], [0], [1], [2], [1], [3], [4], [2], [2], [1], [2], [0], [4], [1], [1], [4], [1], [3], [3], [1], [2], [2], [1], [1], [2], [3], [0], [3], [0], [0], [4], [1], [4], [3], [3], [1], [1], [2], [2], [2], [1], [1], [0], [2], [4], [1], [0], [0], [0], [0], [4], [4], [2]], "metrics": {"Density": {"aggregations": {"Unbiased Variance": 0.00831791008414385, "Biased Skewness": 0.07283520017308256, "Mean": 0.3035497835497835, "Size": 5, "Median": 0.2857142857142857, "Min": 0.18181818181818182, "Biased Kurtosis": -0.8877851820962448, "Max": 0.42857142857142855}, "results": [0.34545454545454546, 0.2761904761904762, 0.18181818181818182, 0.2857142857142857, 0.42857142857142855]}, "TLU--Local Clustering CoefficientSize": {"aggregations": {"Unbiased Variance": 10.299999999999999, "Biased Skewness": 0.20090262645107862, "Mean": 10.6, "Size": 5, "Median": 11.0, "Min": 7.0, "Biased Kurtosis": -1.2552078423979631, "Max": 15.0}, "results": [11, 15, 12, 7, 8]}, "Cut Ratio": {"aggregations": {"Unbiased Variance": 0.000486827054932323, "Biased Skewness": -0.33848205281104066, "Mean": 0.10578780453173489, "Size": 5, "Median": 0.10877192982456141, "Min": 0.07317073170731707, "Biased Kurtosis": -0.7176661418903789, "Max": 0.13354037267080746}, "results": [0.09956709956709957, 0.10877192982456141, 0.07317073170731707, 0.13354037267080746, 0.11388888888888889]}, "Degree StatisticsMean": {"aggregations": {"Unbiased Variance": 0.8561827551957423, "Biased Skewness": -0.12796589240395953, "Mean": 2.807099567099567, "Size": 5, "Median": 3.0, "Min": 1.7142857142857142, "Biased Kurtosis": -1.5982916967906116, "Max": 3.8666666666666667}, "results": [3.4545454545454546, 3.8666666666666667, 2.0, 1.7142857142857142, 3.0]}, "TLU--Local Clustering CoefficientMedian": {"aggregations": {"Unbiased Variance": 0.07755555555555556, "Biased Skewness": -0.08466441994838082, "Mean": 0.2866666666666667, "Size": 5, "Median": 0.3333333333333333, "Min": 0.0, "Biased Kurtosis": -1.689639247625225, "Max": 0.6}, "results": [0.6, 0.3333333333333333, 0.0, 0.0, 0.5]}, "Cohesiveness": {"aggregations": {"Unbiased Variance": 0.06307397959183673, "Biased Skewness": 1.3341236974001491, "Mean": 0.5607142857142857, "Size": 5, "Median": 0.5, "Min": 0.375, "Biased Kurtosis": 0.044606188804861, "Max": 1.0}, "results": [0.42857142857142855, 0.375, 0.5, 1.0, 0.5]}, "Fraction over a Median Degree": {"aggregations": {"Unbiased Variance": 0.007460190963437716, "Biased Skewness": 0.2151401073535163, "Mean": 0.17811688311688312, "Size": 5, "Median": 0.14285714285714285, "Min": 0.08333333333333333, "Biased Kurtosis": -1.6983196573970598, "Max": 0.2727272727272727}, "results": [0.2727272727272727, 0.26666666666666666, 0.08333333333333333, 0.14285714285714285, 0.125]}, "Triangle Participation Ratio": {"aggregations": {"Unbiased Variance": 0.13312098255280072, "Biased Skewness": -0.446411550169993, "Mean": 0.5037878787878788, "Size": 5, "Median": 0.6666666666666666, "Min": 0.0, "Biased Kurtosis": -1.399678189628305, "Max": 0.875}, "results": [0.7272727272727273, 0.6666666666666666, 0.25, 0.0, 0.875]}, "TLU--Local Clustering CoefficientMax": {"aggregations": {"Unbiased Variance": 0.2, "Biased Skewness": -1.5000000000000004, "Mean": 0.8, "Size": 5, "Median": 1.0, "Min": 0.0, "Biased Kurtosis": 0.2500000000000009, "Max": 1.0}, "results": [1.0, 1.0, 1.0, 0.0, 1.0]}, "Separability": {"aggregations": {"Unbiased Variance": 0.008241846665200295, "Biased Skewness": 0.28981888278465306, "Mean": 0.369381874928634, "Size": 5, "Median": 0.3611111111111111, "Min": 0.27906976744186046, "Biased Kurtosis": -1.4046360092118344, "Max": 0.49230769230769234}, "results": [0.425531914893617, 0.49230769230769234, 0.3611111111111111, 0.28888888888888886, 0.27906976744186046]}, "Degree StatisticsUnbiased Variance": {"aggregations": {"Unbiased Variance": 6.076918123723316, "Biased Skewness": -0.3544641353635178, "Mean": 5.692813852813853, "Size": 5, "Median": 6.872727272727272, "Min": 2.5714285714285716, "Biased Kurtosis": -1.632229178594149, "Max": 8.181818181818182}, "results": [6.872727272727272, 7.266666666666667, 8.181818181818182, 3.5714285714285725, 2.5714285714285716]}, "Internal Number Nodes": {"aggregations": {"Unbiased Variance": 10.299999999999999, "Biased Skewness": 0.20090262645107862, "Mean": 10.6, "Size": 5, "Median": 11.0, "Min": 7.0, "Biased Kurtosis": -1.2552078423979631, "Max": 15.0}, "results": [11, 15, 12, 7, 8]}, "TLU--Local Clustering CoefficientUnbiased Variance": {"aggregations": {"Unbiased Variance": 0.0059497618131677445, "Biased Skewness": -1.15697201842958, "Mean": 0.13179352226905308, "Size": 5, "Median": 0.15099173553719009, "Min": 0.0, "Biased Kurtosis": -0.1083001883592396, "Max": 0.202360853432282}, "results": [0.202360853432282, 0.16275787951865048, 0.15099173553719009, 0.0, 0.14285714285714285]}, "Maximum Out Degree Fraction": {"aggregations": {"Unbiased Variance": 0.004444752799647907, "Biased Skewness": -0.9206535828552531, "Mean": 0.7343006993006993, "Size": 5, "Median": 0.75, "Min": 0.625, "Biased Kurtosis": -0.42314288537197253, "Max": 0.8}, "results": [0.75, 0.625, 0.8, 0.7272727272727273, 0.7692307692307693]}, "TLU--Local Clustering CoefficientBiased Kurtosis": {"aggregations": {"Unbiased Variance": 2.3102627066790484, "Biased Skewness": 0.6654878892072033, "Mean": -1.2180562947792692, "Size": 5, "Median": -1.3274988856855776, "Min": -3.0, "Biased Kurtosis": -0.4097440084492612, "Max": 1.1986981366971188}, "results": [-1.6744436878708502, -1.3274988856855776, 1.1986981366971188, -3.0, -1.2870370370370372]}, "Diameter": {"aggregations": {"Unbiased Variance": 0.7, "Biased Skewness": 0.3436215967445464, "Mean": 2.8, "Size": 5, "Median": 3.0, "Min": 2.0, "Biased Kurtosis": -1.1530612244897953, "Max": 4.0}, "results": [3, 4, 2, 2, 3]}, "Degree StatisticsBiased Skewness": {"aggregations": {"Unbiased Variance": 0.9332806424052535, "Biased Skewness": 0.659492852760786, "Mean": 1.4881187439915602, "Size": 5, "Median": 1.0067479953649725, "Min": 0.6666666666666666, "Biased Kurtosis": -1.1923593390591596, "Max": 2.9211869733608857}, "results": [0.804750632245961, 1.0067479953649725, 2.9211869733608857, 2.0412414523193148, 0.6666666666666666]}, "Degree StatisticsMax": {"aggregations": {"Unbiased Variance": 5.2, "Biased Skewness": 0.15274429755954821, "Mean": 8.2, "Size": 5, "Median": 8.0, "Min": 6.0, "Biased Kurtosis": -1.6268491124260354, "Max": 11.0}, "results": [8.0, 10.0, 11.0, 6.0, 6.0]}, "Transitivity Undirected (Global Clustering Coefficient)": {"aggregations": {"Unbiased Variance": 0.051677332376750366, "Biased Skewness": -0.31252125282950927, "Mean": 0.269373494039637, "Size": 5, "Median": 0.3582089552238806, "Min": 0.0, "Biased Kurtosis": -1.743916748758969, "Max": 0.48148148148148145}, "results": [0.48148148148148145, 0.3582089552238806, 0.05263157894736842, 0.0, 0.45454545454545453]}, "Degree StatisticsMedian": {"aggregations": {"Unbiased Variance": 0.8, "Biased Skewness": 0.03515625000000042, "Mean": 1.9, "Size": 5, "Median": 2.0, "Min": 1.0, "Biased Kurtosis": -1.5810546875000002, "Max": 3.0}, "results": [2.0, 3.0, 1.0, 1.0, 2.5]}, "TLU--Local Clustering CoefficientMean": {"aggregations": {"Unbiased Variance": 0.06476059334266646, "Biased Skewness": -0.34157557420745793, "Mean": 0.3427195767195767, "Size": 5, "Median": 0.3945502645502645, "Min": 0.0, "Biased Kurtosis": -1.4622494165961235, "Max": 0.5833333333333333}, "results": [0.5675324675324676, 0.3945502645502645, 0.16818181818181818, 0.0, 0.5833333333333333]}, "Conductance": {"aggregations": {"Unbiased Variance": 0.0035224497263802706, "Biased Skewness": -0.15412154276905615, "Mean": 0.580068975403514, "Size": 5, "Median": 0.5806451612903226, "Min": 0.5038759689922481, "Biased Kurtosis": -1.512227772419201, "Max": 0.6417910447761194},