{"metrics_elapsed": 0.18276596069335938, "name": "manip--bigclam--0", "elapsed": 0.8759269714355469, "omega": null, "membership": [[1], [1], [2, 3], [], [3], [], [2], [3], [], [], [], [], [2, 3], [3], [3], [2], [], [0, 3], [], [], [], [], [3], [], [], [], [1], [], [1, 2, 3], [], [], [], [], [], [3], [3], [3], [], [], [], [], [], [], [0], [], [], [0, 1], [], [], [], [], [], []], "metrics": {"Density": {"aggregations": {"Unbiased Variance": 0.008360881542699726, "Biased Skewness": -0.5183125961508925, "Mean": 0.509090909090909, "Size": 4, "Median": 0.525, "Min": 0.38636363636363635, "Biased Kurtosis": -1.1055234238659912, "Max": 0.6}, "results": [0.5, 0.55, 0.6, 0.38636363636363635]}, "TLU--Local Clustering CoefficientSize": {"aggregations": {"Unbiased Variance": 15.583333333333334, "Biased Skewness": 0.9502630965930093, "Mean": 6.25, "Size": 4, "Median": 5.0, "Min": 3.0, "Biased Kurtosis": -0.7862392404701306, "Max": 12.0}, "results": [3, 5, 5, 12]}, "Cut Ratio": {"aggregations": {"Unbiased Variance": 0.01639511572008505, "Biased Skewness": 1.1540736618097844, "Mean": 0.20795223577235775, "Size": 4, "Median": 0.14507113821138212, "Min": 0.14166666666666666, "Biased Kurtosis": -0.667146475784639, "Max": 0.4}, "results": [0.4, 0.14166666666666666, 0.14583333333333334, 0.1443089430894309]}, "Degree StatisticsMean": {"aggregations": {"Unbiased Variance": 7.209166666666666, "Biased Skewness": 0.4080130561140665, "Mean": 4.925, "Size": 4, "Median": 4.6, "Min": 2.0, "Biased Kurtosis": -0.9765264608333202, "Max": 8.5}, "results": [2.0, 4.4, 4.8, 8.5]}, "TLU--Local Clustering CoefficientMedian": {"aggregations": {"Unbiased Variance": 0.041360544217687076, "Biased Skewness": -0.15368345159756563, "Mean": 0.8285714285714286, "Size": 4, "Median": 0.8571428571428572, "Min": 0.6, "Biased Kurtosis": -1.797783933518005, "Max": 1.0}, "results": [1.0, 1.0, 0.6, 0.7142857142857143]}, "Cohesiveness": {"aggregations": {"Unbiased Variance": 0.01403061224489796, "Biased Skewness": 0.9753037693948878, "Mean": 0.8273809523809523, "Size": 4, "Median": 0.7797619047619048, "Min": 0.75, "Biased Kurtosis": -0.8333163282658211, "Max": 1.0}, "results": [1.0, 0.75, 0.75, 0.8095238095238095]}, "Fraction over a Median Degree": {"aggregations": {"Unbiased Variance": 0.17333333333333334, "Biased Skewness": 0.0, "Mean": 0.5, "Size": 4, "Median": 0.5, "Min": 0.0, "Biased Kurtosis": -1.1479289940828403, "Max": 1.0}, "results": [0.0, 0.6, 0.4, 1.0]}, "Triangle Participation Ratio": {"aggregations": {"Unbiased Variance": 0.0, "Biased Skewness": 0.0, "Mean": 1.0, "Size": 4, "Median": 1.0, "Min": 1.0, "Biased Kurtosis": -3.0, "Max": 1.0}, "results": [1.0, 1.0, 1.0, 1.0]}, "TLU--Local Clustering CoefficientMax": {"aggregations": {"Unbiased Variance": 0.009070294784580497, "Biased Skewness": -1.1547005383792497, "Mean": 0.9523809523809523, "Size": 4, "Median": 1.0, "Min": 0.8095238095238095, "Biased Kurtosis": -0.6666666666666701, "Max": 1.0}, "results": [1.0, 1.0, 1.0, 0.8095238095238095]}, "Separability": {"aggregations": {"Unbiased Variance": 0.10702875520042728, "Biased Skewness": 0.42681253653308204, "Mean": 0.4044642857142857, "Size": 4, "Median": 0.36250000000000004, "Min": 0.05194805194805195, "Biased Kurtosis": -0.991529502077718, "Max": 0.8409090909090909}, "results": [0.05194805194805195, 0.4, 0.325, 0.8409090909090909]}, "Degree StatisticsUnbiased Variance": {"aggregations": {"Unbiased Variance": 7.854490358126721, "Biased Skewness": 1.1187940909196186, "Mean": 1.7272727272727273, "Size": 4, "Median": 0.5, "Min": 0.0, "Biased Kurtosis": -0.6948170692925397, "Max": 5.909090909090909}, "results": [0.0, 0.30000000000000004, 0.7, 5.909090909090909]}, "Internal Number Nodes": {"aggregations": {"Unbiased Variance": 15.583333333333334, "Biased Skewness": 0.9502630965930093, "Mean": 6.25, "Size": 4, "Median": 5.0, "Min": 3.0, "Biased Kurtosis": -0.7862392404701306, "Max": 12.0}, "results": [3, 5, 5, 12]}, "TLU--Local Clustering CoefficientUnbiased Variance": {"aggregations": {"Unbiased Variance": 0.0010475319560274458, "Biased Skewness": 0.1511859761083564, "Mean": 0.03384508415923812, "Size": 4, "Median": 0.03169016831847625, "Min": 0.0, "Biased Kurtosis": -1.5468140638549983, "Max": 0.072}, "results": [0.0, 0.04800000000000001, 0.072, 0.015380336636952497]}, "Maximum Out Degree Fraction": {"aggregations": {"Unbiased Variance": 0.026159048219202608, "Biased Skewness": 0.43017621682238644, "Mean": 0.7072398190045248, "Size": 4, "Median": 0.6862745098039216, "Min": 0.5333333333333333, "Biased Kurtosis": -0.9946291476508824, "Max": 0.9230769230769231}, "results": [0.9230769230769231, 0.7058823529411765, 0.6666666666666666, 0.5333333333333333]}, "TLU--Local Clustering CoefficientBiased Kurtosis": {"aggregations": {"Unbiased Variance": 1.162199599338862, "Biased Skewness": 0.051631503935140405, "Mean": -1.7012686283754788, "Size": 4, "Median": -1.7175925925925921, "Min": -3.0, "Biased Kurtosis": -1.0298802072271847, "Max": -0.3698893283167308}, "results": [-3.0, -1.8333333333333324, -1.6018518518518519, -0.3698893283167308]}, "Diameter": {"aggregations": {"Unbiased Variance": 2.0, "Biased Skewness": 0.816496580927726, "Mean": 2.0, "Size": 4, "Median": 1.5, "Min": 1.0, "Biased Kurtosis": -1.0, "Max": 4.0}, "results": [1, 1, 2, 4]}, "Degree StatisticsBiased Skewness": {"aggregations": {"Unbiased Variance": 0.17678773565630498, "Biased Skewness": 0.5133262088646512, "Mean": 0.4408111080975631, "Size": 4, "Median": 0.3759349436042036, "Min": 0.0, "Biased Kurtosis": -0.9547236873966076, "Max": 1.0113745451818452}, "results": [0.0, 0.4082482904638608, 0.3436215967445464, 1.0113745451818452]}, "Degree StatisticsMax": {"aggregations": {"Unbiased Variance": 26.25, "Biased Skewness": 0.7673464027058913, "Mean": 6.75, "Size": 4, "Median": 5.5, "Min": 2.0, "Biased Kurtosis": -0.8833862433862434, "Max": 14.0}, "results": [2.0, 5.0, 6.0, 14.0]}, "Transitivity Undirected (Global Clustering Coefficient)": {"aggregations": {"Unbiased Variance": 0.019888231426692965, "Biased Skewness": -1.1547005383792524, "Mean": 0.9294871794871795, "Size": 4, "Median": 1.0, "Min": 0.717948717948718, "Biased Kurtosis": -0.6666666666666656, "Max": 1.0}, "results": [1.0, 1.0, 1.0, 0.717948717948718]}, "Degree StatisticsMedian": {"aggregations": {"Unbiased Variance": 5.229166666666667, "Biased Skewness": 0.17653325536838957, "Mean": 4.625, "Size": 4, "Median": 4.5, "Min": 2.0, "Biased Kurtosis": -1.1149981746321487, "Max": 7.5}, "results": [2.0, 4.0, 5.0, 7.5]}, "TLU--Local Clustering CoefficientMean": {"aggregations": {"Unbiased Variance": 0.02150221887967413, "Biased Skewness": 0.47646501391256446, "Mean": 0.8076532957782958, "Size": 4, "Median": 0.78, "Min": 0.6706131831131831, "Biased Kurtosis": -1.2873701537357742, "Max": 1.0}, "results": [1.0, 0.8400000000000001, 0.72, 0.6706131831131831]}, "Conductance": {"aggregations": {"Unbiased Variance": 0.048917099475544686, "Biased Skewness": 0.440007992618071, "Mean": 0.6100949676223854, "Size": 4, "Median": 0.5808080808080809, "Min": 0.3728813559322034, "Biased Kurtosis": -0.9885300743899577, "Max": 0.9058823529411765}, "results": [0.9058823529411765, 0.5555555555555556, 0.6060606060606061, 0.3728813559322034]}, "Flake Out Degree Fraction": {"aggregations": {"Unbiased Variance": 0.12694444444444442, "Biased Skewness": 0.8125830719695005, "Mean": 0.49166666666666664, "Size": 4, "Median": 0.4, "Min": 0.16666666666666666, "Biased Kurtosis": -0.8468542663200043, "Max": 1.0}, "results": [1.0, 0.4, 0.4, 0.16666666666666666]}, "Degree StatisticsBiased Kurtosis": {"aggregations": {"Unbiased Variance": 1.6802851408979376, "Biased Skewness": 0.05290163956360412, "Mean": -1.4713915388640668, "Size": 4, "Median": -1.4931972789115653, "Min": -3.0, "Biased Kurtosis": -1.174356359456247, "Max": 0.10082840236686375}, "results": [-3.0, -1.833333333333335, -1.1530612244897953, 0.10082840236686375]}, "TLU--Local Clustering CoefficientMin": {"aggregations": {"Unbiased Variance": 0.0791317473735056,