{"metrics_elapsed": 0.7156879901885986, "name": "manip--conga--0", "elapsed": 3.1982250213623047, "omega": null, "membership": [[0], [0, 1], [1, 2, 4, 6, 7], [3], [4, 6], [5], [4, 6], [6, 8], [3], [5], [7], [7], [2, 4, 4, 6, 7, 8], [4, 6, 7, 8], [4, 8], [2, 4, 9], [5], [0, 3, 4, 5, 7, 8, 9], [3], [5], [10], [4], [2, 8], [7], [10], [7], [0, 4, 7], [5], [0, 4, 8], [5], [11], [5], [6, 11], [7, 8], [4], [4], [4, 5, 8], [9], [10], [9], [8], [2, 5], [7], [3, 4, 6, 8, 9, 10], [6], [8], [0, 3, 4, 7, 9], [7, 11], [1], [9], [2, 9], [2], [3]], "metrics": {"Density": {"aggregations": {"Unbiased Variance": 0.039306211666160745, "Biased Skewness": 0.44400836772186936, "Mean": 0.6230882543382544, "Size": 12, "Median": 0.6053571428571429, "Min": 0.2888888888888889, "Biased Kurtosis": -0.19484501285922473, "Max": 1.0}, "results": [0.9333333333333333, 0.6666666666666666, 0.7142857142857143, 0.6190476190476191, 0.5916666666666667, 0.2888888888888889, 0.6666666666666666, 0.4358974358974359, 0.5606060606060607, 0.5, 0.5, 1.0]}, "TLU--Local Clustering CoefficientSize": {"aggregations": {"Unbiased Variance": 16.515151515151516, "Biased Skewness": 0.417506568935151, "Mean": 8.166666666666666, "Size": 12, "Median": 7.5, "Min": 3.0, "Biased Kurtosis": -0.7125662822994685, "Max": 16.0}, "results": [6, 3, 7, 7, 16, 10, 9, 13, 12, 8, 4, 3]}, "Cut Ratio": {"aggregations": {"Unbiased Variance": 2.142532927610879e-05, "Biased Skewness": -0.7386525935949256, "Mean": 0.0100141020521323, "Size": 12, "Median": 0.011488185017596783, "Min": 0.0, "Biased Kurtosis": -0.10907391181668968, "Max": 0.016666666666666666}, "results": [0.014184397163120567, 0.013333333333333334, 0.012422360248447204, 0.006211180124223602, 0.011437908496732025, 0.0069767441860465115, 0.010101010101010102, 0.011538461538461539, 0.012195121951219513, 0.016666666666666666, 0.00510204081632653, 0.0]}, "Degree StatisticsMean": {"aggregations": {"Unbiased Variance": 4.710027669407821, "Biased Skewness": 0.6453289563404273, "Mean": 4.100480769230769, "Size": 12, "Median": 4.0, "Min": 1.3333333333333333, "Biased Kurtosis": -0.00043023286322307897, "Max": 8.875}, "results": [4.666666666666667, 1.3333333333333333, 4.285714285714286, 3.7142857142857144, 8.875, 2.6, 5.333333333333333, 5.230769230769231, 6.166666666666667, 3.5, 1.5, 2.0]}, "TLU--Local Clustering CoefficientMedian": {"aggregations": {"Unbiased Variance": 0.14486672549465662, "Biased Skewness": -0.6088686017507329, "Mean": 0.5750571188071188, "Size": 12, "Median": 0.6497474747474747, "Min": 0.0, "Biased Kurtosis": -1.0551395217189463, "Max": 1.0}, "results": [0.9, 0.0, 0.8333333333333334, 1.0, 0.6328282828282829, 0.0, 0.8, 0.6666666666666666, 0.5678571428571428, 0.5, 0.0, 1.0]}, "Cohesiveness": {"aggregations": {"Unbiased Variance": 0.0641770445574678, "Biased Skewness": 0.48429141795196956, "Mean": 0.6701732570015535, "Size": 12, "Median": 0.5884615384615384, "Min": 0.4, "Biased Kurtosis": -1.5204671213674743, "Max": 1.0}, "results": [1.0, 1.0, 0.6363636363636364, 0.6, 0.5769230769230769, 0.4, 0.47368421052631576, 0.4782608695652174, 0.4482758620689655, 0.42857142857142855, 1.0, 1.0]}, "Fraction over a Median Degree": {"aggregations": {"Unbiased Variance": 0.10899405689164542, "Biased Skewness": 0.4722640171448221, "Mean": 0.33091676841676837, "Size": 12, "Median": 0.2857142857142857, "Min": 0.0, "Biased Kurtosis": -1.24705745053706, "Max": 0.875}, "results": [0.3333333333333333, 0.0, 0.2857142857142857, 0.2857142857142857, 0.875, 0.0, 0.7777777777777778, 0.5384615384615384, 0.75, 0.125, 0.0, 0.0]}, "Triangle Participation Ratio": {"aggregations": {"Unbiased Variance": 0.16317229245113862, "Biased Skewness": -1.1643115418141343, "Mean": 0.7477564102564104, "Size": 12, "Median": 1.0, "Min": 0.0, "Biased Kurtosis": -0.4121863190344133, "Max": 1.0}, "results": [1.0, 0.0, 1.0, 1.0, 1.0, 0.3, 1.0, 0.9230769230769231, 1.0, 0.75, 0.0, 1.0]}, "TLU--Local Clustering CoefficientMax": {"aggregations": {"Unbiased Variance": 0.14630986738129595, "Biased Skewness": -1.5687028774176164, "Mean": 0.7924603174603174, "Size": 12, "Median": 1.0, "Min": 0.0, "Biased Kurtosis": 0.7232700313831977, "Max": 1.0}, "results": [1.0, 0.0, 1.0, 1.0, 0.8095238095238095, 1.0, 1.0, 1.0, 0.7, 1.0, 0.0, 1.0]}, "Separability": {"aggregations": {"Unbiased Variance": 9.419770622895625, "Biased Skewness": 0.31134772220947876, "Mean": 4.784722222222222, "Size": 12, "Median": 4.333333333333334, "Min": 0.0, "Biased Kurtosis": -0.38310784614966753, "Max": 11.0}, "results": [3.75, 1.0, 4.0, 7.0, 11.0, 4.666666666666667, 7.0, 6.5, 7.0, 2.5, 3.0, 0.0]}, "Degree StatisticsUnbiased Variance": {"aggregations": {"Unbiased Variance": 7.010139162115308, "Biased Skewness": 1.1833079675635814, "Mean": 2.6752428127428125, "Size": 12, "Median": 2.202380952380952, "Min": 0.0, "Biased Kurtosis": 0.2940258021331035, "Max": 8.358974358974358}, "results": [0.2666666666666667, 0.3333333333333333, 1.9047619047619044, 2.9047619047619047, 7.316666666666666, 1.6, 2.5, 8.358974358974358, 3.0606060606060606, 2.857142857142857, 1.0, 0.0]}, "Internal Number Nodes": {"aggregations": {"Unbiased Variance": 16.515151515151516, "Biased Skewness": 0.417506568935151, "Mean": 8.166666666666666, "Size": 12, "Median": 7.5, "Min": 3.0, "Biased Kurtosis": -0.7125662822994685, "Max": 16.0}, "results": [6, 3, 7, 7, 16, 10, 9, 13, 12, 8, 4, 3]}, "TLU--Local Clustering CoefficientUnbiased Variance": {"aggregations": {"Unbiased Variance": 0.001941545316090348, "Biased Skewness": 0.8334048461589897, "Mean": 0.03785319017788024, "Size": 12, "Median": 0.020107413897096436, "Min": 0.0, "Biased Kurtosis": -0.7425494109724595, "Max": 0.12537698412698411}, "results": [0.0026666666666666657, 0.0, 0.034761904761904765, 0.06322751322751323, 0.005416390622195234, 0.09753086419753086, 0.024361929957168054, 0.08504313073757519, 0.01585289783702482, 0.12537698412698411, 0.0, 0.0]}, "Maximum Out Degree Fraction": {"aggregations": {"Unbiased Variance": 0.026981209729988728, "Biased Skewness": 1.2752123798084614, "Mean": 0.1725172975172975, "Size": 12, "Median": 0.11805555555555555, "Min": 0.0, "Biased Kurtosis": 0.34689450804930777, "Max": 0.5}, "results": [0.14285714285714285, 0.1111111111111111, 0.1111111111111111, 0.041666666666666664, 0.125, 0.5, 0.1, 0.2, 0.2, 0.5, 0.038461538461538464, 0.0]}, "TLU--Local Clustering CoefficientBiased Kurtosis": {"aggregations": {"Unbiased Variance": 4.0884230007589615, "Biased Skewness": 1.3972029394339367, "Mean": -0.915685869120788, "Size": 12, "Median": -1.1630014965077864, "Min": -3.0, "Biased Kurtosis": 1.9273490344122255, "Max": 4.350905303637238}, "results": [-1.5000000000000064, -3.0, -1.7091838507676373, -1.2298751772553003, 0.2146675838254417, 4.350905303637238, -1.0961278157602723, -0.35493459252485327, 0.3109448896388134, -0.9746267702428772, -3.0, -3.0]}, "Diameter": {"aggregations": {"Unbiased Variance": 0.5681818181818182, "Biased Skewness": 0.9145228263963671, "Mean": 2.25, "Size": 12, "Median": 2.0, "Min": 1.0, "Biased Kurtosis": 0.835199999999999, "Max": 4.0}, "results": [2, 2, 2, 2, 2, 4, 2, 3, 2, 3, 2, 1]}, "Degree StatisticsBiased Skewness": {"aggregations": {"Unbiased Variance": 0.4054164450327518, "Biased Skewness": -0.44075237279799684, "Mean": 0.21304159786278665, "Size": 12, "Median": 0.2772436306693792, "Min": -0.9838699100999069, "Biased Kurtosis": -0.6519974297147466, "Max": 1.1547005383792515}, "results": [-0.7071067811865496, 0.7071067811865479, 0.2767134122155994, 0.4764258111417777, -0.1559022456723008, 0.8055555555555555, -0.9838699100999069, 0.2777738491231589, 0.7999704935153574, -0.09486832980505139, 1.1547005383792515, 0.0]}, "Degree StatisticsMax": {"aggregations": {"Unbiased Variance": 10.696969696969697, "Biased Skewness": 0.5946683821830894, "Mean": 6.166666666666667, "Size": 12, "Median": 6.0, "Min": 2.0, "Biased Kurtosis": -0.2539944947796706, "Max": 13.0}, "results": [5.0, 2.0, 6.0, 6.0, 13.0, 5.0, 7.0, 9.0, 10.0, 6.0, 3.0, 2.0]},