{"metrics_elapsed": 0.41092801094055176, "name": "manip--congo--0", "elapsed": 4.552731037139893, "omega": null, "membership": [[0], [0, 1], [1, 1, 3, 6], [2], [3, 6], [1], [1, 1, 4], [1, 3], [1], [1], [4], [1], [1, 1, 3, 3, 4], [1, 3, 4], [3], [1, 1], [1], [0, 1, 1, 3, 4], [1], [1], [5], [1], [3], [1], [5], [1], [0, 1], [1], [0, 1, 6], [1], [7], [1], [1, 7], [4], [3, 6], [3, 6], [1, 3], [5], [5], [1], [1], [1, 3], [1], [1, 1, 2, 3, 4, 5], [1], [4], [0, 1, 2, 4, 6], [0, 7], [1], [0], [4], [1], [2]], "metrics": {"Density": {"aggregations": {"Unbiased Variance": 0.0688059054070454, "Biased Skewness": -0.6088254803684169, "Mean": 0.6605584366613779, "Size": 8, "Median": 0.6726190476190477, "Min": 0.1853832442067736, "Biased Kurtosis": -0.5320970605349657, "Max": 1.0}, "results": [0.6785714285714286, 0.1853832442067736, 0.8333333333333334, 0.6538461538461539, 0.6666666666666666, 0.4, 0.8666666666666666, 1.0]}, "TLU--Local Clustering CoefficientSize": {"aggregations": {"Unbiased Variance": 101.98214285714286, "Biased Skewness": 1.822701349278032, "Mean": 10.375, "Size": 8, "Median": 7.0, "Min": 3.0, "Biased Kurtosis": 1.982737789164858, "Max": 34.0}, "results": [8, 34, 4, 13, 10, 5, 6, 3]}, "Cut Ratio": {"aggregations": {"Unbiased Variance": 5.0453475983964706e-05, "Biased Skewness": -0.5752459304790398, "Mean": 0.01227535879803145, "Size": 8, "Median": 0.015231733465281214, "Min": 0.0, "Biased Kurtosis": -0.8985676019019104, "Max": 0.021153846153846155}, "results": [0.016666666666666666, 0.021153846153846155, 0.00510204081632653, 0.016483516483516484, 0.01627906976744186, 0.008333333333333333, 0.014184397163120567, 0.0]}, "Degree StatisticsMean": {"aggregations": {"Unbiased Variance": 4.960411835127949, "Biased Skewness": 0.11315983577467045, "Mean": 4.393391779788839, "Size": 8, "Median": 4.541666666666666, "Min": 1.6, "Biased Kurtosis": -1.2469997548377927, "Max": 7.846153846153846}, "results": [4.75, 6.117647058823529, 2.5, 7.846153846153846, 6.0, 1.6, 4.333333333333333, 2.0]}, "TLU--Local Clustering CoefficientMedian": {"aggregations": {"Unbiased Variance": 0.10067019400352735, "Biased Skewness": -1.2170294014907612, "Mean": 0.6611111111111112, "Size": 8, "Median": 0.7666666666666667, "Min": 0.0, "Biased Kurtosis": 0.39959640608172986, "Max": 1.0}, "results": [0.8, 0.4, 0.8333333333333333, 0.6888888888888889, 0.7333333333333334, 0.0, 0.8333333333333334, 1.0]}, "Cohesiveness": {"aggregations": {"Unbiased Variance": 0.05085849763908529, "Biased Skewness": 0.47142544598812275, "Mean": 0.6780707825765966, "Size": 8, "Median": 0.6333333333333333, "Min": 0.42857142857142855, "Biased Kurtosis": -1.18086314533137, "Max": 1.0}, "results": [0.4444444444444444, 0.42857142857142855, 0.6, 0.5348837209302325, 0.6666666666666666, 1.0, 0.75, 1.0]}, "Fraction over a Median Degree": {"aggregations": {"Unbiased Variance": 0.11212617318652719, "Biased Skewness": 0.3586880148985473, "Mean": 0.34602187028657616, "Size": 8, "Median": 0.37254901960784315, "Min": 0.0, "Biased Kurtosis": -0.9399785519815866, "Max": 0.9230769230769231}, "results": [0.5, 0.4117647058823529, 0.0, 0.9230769230769231, 0.6, 0.0, 0.3333333333333333, 0.0]}, "Triangle Participation Ratio": {"aggregations": {"Unbiased Variance": 0.12351705388037569, "Biased Skewness": -2.0512299417126316, "Mean": 0.8455882352941176, "Size": 8, "Median": 1.0, "Min": 0.0, "Biased Kurtosis": 2.508073946928442, "Max": 1.0}, "results": [1.0, 0.7647058823529411, 1.0, 1.0, 1.0, 0.0, 1.0, 1.0]}, "TLU--Local Clustering CoefficientMax": {"aggregations": {"Unbiased Variance": 0.12251984126984126, "Biased Skewness": -2.1530639874297783, "Mean": 0.8541666666666667, "Size": 8, "Median": 1.0, "Min": 0.0, "Biased Kurtosis": 2.819157829172746, "Max": 1.0}, "results": [1.0, 1.0, 1.0, 1.0, 1.0, 0.0, 0.8333333333333334, 1.0]}, "Separability": {"aggregations": {"Unbiased Variance": 9.16635317369219, "Biased Skewness": 0.4853764618361935, "Mean": 4.430510461760462, "Size": 8, "Median": 4.232142857142858, "Min": 0.0, "Biased Kurtosis": -0.1456503196120318, "Max": 10.090909090909092}, "results": [3.3333333333333335, 10.090909090909092, 5.0, 6.555555555555555, 4.714285714285714, 2.0, 3.75, 0.0]}, "Degree StatisticsUnbiased Variance": {"aggregations": {"Unbiased Variance": 60.592165508227346, "Biased Skewness": 2.076323896655489, "Mean": 4.5386992092874445, "Size": 8, "Median": 2.15, "Min": 0.0, "Biased Kurtosis": 2.6546023611288065, "Max": 23.37967914438503}, "results": [2.5, 23.37967914438503, 0.3333333333333333, 4.474358974358975, 3.5555555555555554, 1.8, 0.2666666666666667, 0.0]}, "Internal Number Nodes": {"aggregations": {"Unbiased Variance": 101.98214285714286, "Biased Skewness": 1.822701349278032, "Mean": 10.375, "Size": 8, "Median": 7.0, "Min": 3.0, "Biased Kurtosis": 1.982737789164858, "Max": 34.0}, "results": [8, 34, 4, 13, 10, 5, 6, 3]}, "TLU--Local Clustering CoefficientUnbiased Variance": {"aggregations": {"Unbiased Variance": 0.0019336889351297196, "Biased Skewness": 1.8165800782480075, "Mean": 0.029248539858653184, "Size": 8, "Median": 0.016916377433693452, "Min": 0.0, "Biased Kurtosis": 1.9963027228759813, "Max": 0.13216463429662312}, "results": [0.03065759637188209, 0.13216463429662312, 0.03703703703703704, 0.01316785186915057, 0.020664902998236333, 0.0, 0.00029629629629629613, 0.0]}, "Maximum Out Degree Fraction": {"aggregations": {"Unbiased Variance": 0.031689318293885604, "Biased Skewness": 0.36758602548723734, "Mean": 0.21626602564102562, "Size": 8, "Median": 0.16666666666666669, "Min": 0.0, "Biased Kurtosis": -1.1933682405726245, "Max": 0.5}, "results": [0.3333333333333333, 0.2, 0.038461538461538464, 0.13333333333333333, 0.4, 0.5, 0.125, 0.0]}, "TLU--Local Clustering CoefficientBiased Kurtosis": {"aggregations": {"Unbiased Variance": 2.0030350852730114, "Biased Skewness": 0.8720579401578152, "Mean": -1.4369156923615425, "Size": 8, "Median": -1.5109214863425118, "Min": -3.0, "Biased Kurtosis": 0.25937710244661716, "Max": 1.4325518675593498}, "results": [-1.5218429726850302, -1.1814518185084069, -1.9999999999999998, 1.4325518675593498, -0.7245826152582597, -3.0, -1.4999999999999931, -3.0]}, "Diameter": {"aggregations": {"Unbiased Variance": 0.6964285714285714, "Biased Skewness": 1.3549305321968912, "Mean": 2.125, "Size": 8, "Median": 2.0, "Min": 1.0, "Biased Kurtosis": 1.7001972386587774, "Max": 4.0}, "results": [2, 4, 2, 2, 2, 2, 2, 1]}, "Degree StatisticsBiased Skewness": {"aggregations": {"Unbiased Variance": 0.4264323192406766, "Biased Skewness": 0.47115957778860723, "Mean": 0.3832363498229805, "Size": 8, "Median": 0.15959053409451593, "Min": -0.4926041941846211, "Biased Kurtosis": -0.8479413543911019, "Max": 1.4999999999999998}, "results": [-0.4926041941846211, 1.0322071433928839, 0.0, 0.31918106818903186, 0.0, 1.4999999999999998, 0.7071067811865493, 0.0]}, "Degree StatisticsMax": {"aggregations": {"Unbiased Variance": 28.857142857142858, "Biased Skewness": 0.9221334752837127, "Mean": 7.5, "Size": 8, "Median": 6.0, "Min": 2.0, "Biased Kurtosis": -0.23860405842564436, "Max": 18.0}, "results": [7.0, 18.0, 3.0, 12.0, 9.0, 4.0, 5.0, 2.0]}, "Transitivity Undirected (Global Clustering Coefficient)": {"aggregations": {"Unbiased Variance": 0.09392569872571381, "Biased Skewness": -1.0039353752996378, "Mean": 0.6207584112476758, "Size": 8, "Median": 0.6873670212765958, "Min": 0.0, "Biased Kurtosis": 0.23570684710901935, "Max": 1.0}, "results": [0.7125, 0.37254901960784315, 0.75, 0.6622340425531915, 0.6506024096385542, 0.0, 0.8181818181818182, 1.0]}, "Degree StatisticsMedian": {"aggregations": {"Unbiased Variance": 4.214285714285714, "Biased Skewness": -0.03971865080770898, "Mean": 4.0, "Size": 8, "Median": 4.25, "Min": 1.0, "Biased Kurtosis": -1.1602987647227807, "Max": 7.0}, "results": [5.0, 4.5, 2.5, 7.0, 6.0, 1.0, 4.0, 2.0]}, "TLU--Local Clustering CoefficientMean": {"aggregations": {"Unbiased Variance": 0.09527314846919206, "Biased Skewness": -1.318107225182645, "Mean": 0.6642928733607799, "Size": 8,