{"metrics_elapsed": 0.24142003059387207, "name": "manip--clique_percolation--0", "elapsed": 0.04520988464355469, "omega": null, "membership": [[0], [0], [0], [0], [0], [], [0], [0], [0], [], [0], [0], [0], [0], [0], [0], [0], [0], [0], [], [], [0], [0], [], [], [0], [0], [], [0], [], [1], [], [0, 1], [0], [0], [0], [0], [], [], [0], [0], [0], [0], [0], [0], [0], [0], [0, 1], [], [0], [0], [0], [0]], "metrics": {"Density": {"aggregations": {"Unbiased Variance": 0.3048002958579882, "Biased Skewness": -4.0820677523598687e-16, "Mean": 0.6096153846153847, "Size": 2, "Median": 0.6096153846153847, "Min": 0.21923076923076926, "Biased Kurtosis": -2.0, "Max": 1.0}, "results": [0.21923076923076926, 1.0]}, "TLU--Local Clustering CoefficientSize": {"aggregations": {"Unbiased Variance": 684.5, "Biased Skewness": 0.0, "Mean": 21.5, "Size": 2, "Median": 21.5, "Min": 3.0, "Biased Kurtosis": -2.0, "Max": 40.0}, "results": [40, 3]}, "Cut Ratio": {"aggregations": {"Unbiased Variance": 0.000599112426035503, "Biased Skewness": 0.0, "Mean": 0.01730769230769231, "Size": 2, "Median": 0.01730769230769231, "Min": 0.0, "Biased Kurtosis": -2.0, "Max": 0.03461538461538462}, "results": [0.03461538461538462, 0.0]}, "Degree StatisticsMean": {"aggregations": {"Unbiased Variance": 21.451250000000005, "Biased Skewness": 0.0, "Mean": 5.275, "Size": 2, "Median": 5.275, "Min": 2.0, "Biased Kurtosis": -2.0, "Max": 8.55}, "results": [8.55, 2.0]}, "TLU--Local Clustering CoefficientMedian": {"aggregations": {"Unbiased Variance": 0.08000000000000002, "Biased Skewness": -8.6736173798840335e-16, "Mean": 0.8, "Size": 2, "Median": 0.8, "Min": 0.6, "Biased Kurtosis": -2.0, "Max": 1.0}, "results": [0.6, 1.0]}, "Cohesiveness": {"aggregations": {"Unbiased Variance": 0.21693140664778227, "Biased Skewness": 5.827373394748035e-16, "Mean": 0.6706586826347305, "Size": 2, "Median": 0.6706586826347305, "Min": 0.3413173652694611, "Biased Kurtosis": -2.0, "Max": 1.0}, "results": [0.3413173652694611, 1.0]}, "Fraction over a Median Degree": {"aggregations": {"Unbiased Variance": 0.15125000000000002, "Biased Skewness": 0.0, "Mean": 0.275, "Size": 2, "Median": 0.275, "Min": 0.0, "Biased Kurtosis": -2.0, "Max": 0.55}, "results": [0.55, 0.0]}, "Triangle Participation Ratio": {"aggregations": {"Unbiased Variance": 0.0, "Biased Skewness": 0.0, "Mean": 1.0, "Size": 2, "Median": 1.0, "Min": 1.0, "Biased Kurtosis": -3.0, "Max": 1.0}, "results": [1.0, 1.0]}, "TLU--Local Clustering CoefficientMax": {"aggregations": {"Unbiased Variance": 0.0, "Biased Skewness": 0.0, "Mean": 1.0, "Size": 2, "Median": 1.0, "Min": 1.0, "Biased Kurtosis": -3.0, "Max": 1.0}, "results": [1.0, 1.0]}, "Separability": {"aggregations": {"Unbiased Variance": 47.9168975069252, "Biased Skewness": 0.0, "Mean": 4.894736842105263, "Size": 2, "Median": 4.894736842105263, "Min": 0.0, "Biased Kurtosis": -2.0, "Max": 9.789473684210526}, "results": [9.789473684210526, 0.0]}, "Degree StatisticsUnbiased Variance": {"aggregations": {"Unbiased Variance": 1057.882054569362, "Biased Skewness": 0.0, "Mean": 22.998717948717946, "Size": 2, "Median": 22.998717948717946, "Min": 0.0, "Biased Kurtosis": -2.0, "Max": 45.99743589743589}, "results": [45.99743589743589, 0.0]}, "Internal Number Nodes": {"aggregations": {"Unbiased Variance": 684.5, "Biased Skewness": 0.0, "Mean": 21.5, "Size": 2, "Median": 21.5, "Min": 3.0, "Biased Kurtosis": -2.0, "Max": 40.0}, "results": [40, 3]}, "TLU--Local Clustering CoefficientUnbiased Variance": {"aggregations": {"Unbiased Variance": 0.002235724782541168, "Biased Skewness": 0.0, "Mean": 0.03343444916954045, "Size": 2, "Median": 0.03343444916954045, "Min": 0.0, "Biased Kurtosis": -2.0, "Max": 0.0668688983390809}, "results": [0.0668688983390809, 0.0]}, "Maximum Out Degree Fraction": {"aggregations": {"Unbiased Variance": 0.05555555555555555, "Biased Skewness": 0.0, "Mean": 0.16666666666666666, "Size": 2, "Median": 0.16666666666666666, "Min": 0.0, "Biased Kurtosis": -2.0, "Max": 0.3333333333333333}, "results": [0.3333333333333333, 0.0]}, "TLU--Local Clustering CoefficientBiased Kurtosis": {"aggregations": {"Unbiased Variance": 1.6756391999608757, "Biased Skewness": -4.343158815925305e-16, "Mean": -2.084675139646891, "Size": 2, "Median": -2.084675139646891, "Min": -3.0, "Biased Kurtosis": -2.0, "Max": -1.1693502792937827}, "results": [-1.1693502792937827, -3.0]}, "Diameter": {"aggregations": {"Unbiased Variance": 2.0, "Biased Skewness": 0.0, "Mean": 2.0, "Size": 2, "Median": 2.0, "Min": 1.0, "Biased Kurtosis": -2.0, "Max": 3.0}, "results": [3, 1]}, "Degree StatisticsBiased Skewness": {"aggregations": {"Unbiased Variance": 0.8445606338160222, "Biased Skewness": 0.0, "Mean": 0.6498309910338311, "Size": 2, "Median": 0.6498309910338311, "Min": 0.0, "Biased Kurtosis": -2.0, "Max": 1.2996619820676623}, "results": [1.2996619820676623, 0.0]}, "Degree StatisticsMax": {"aggregations": {"Unbiased Variance": 312.5, "Biased Skewness": 0.0, "Mean": 14.5, "Size": 2, "Median": 14.5, "Min": 2.0, "Biased Kurtosis": -2.0, "Max": 27.0}, "results": [27.0, 2.0]}, "Transitivity Undirected (Global Clustering Coefficient)": {"aggregations": {"Unbiased Variance": 0.20266446280025, "Biased Skewness": 2.1511408019016521e-16, "Mean": 0.681672760511883, "Size": 2, "Median": 0.681672760511883, "Min": 0.363345521023766, "Biased Kurtosis": -2.0, "Max": 1.0}, "results": [0.363345521023766, 1.0]}, "Degree StatisticsMedian": {"aggregations": {"Unbiased Variance": 10.125, "Biased Skewness": 0.0, "Mean": 4.25, "Size": 2, "Median": 4.25, "Min": 2.0, "Biased Kurtosis": -2.0, "Max": 6.5}, "results": [6.5, 2.0]}, "TLU--Local Clustering CoefficientMean": {"aggregations": {"Unbiased Variance": 0.07246137470620193, "Biased Skewness": 0.0, "Mean": 0.8096563966057673, "Size": 2, "Median": 0.8096563966057673, "Min": 0.6193127932115345, "Biased Kurtosis": -2.0, "Max": 1.0}, "results": [0.6193127932115345, 1.0]}, "Conductance": {"aggregations": {"Unbiased Variance": 0.0011806568507532, "Biased Skewness": 0.0, "Mean": 0.024296675191815855, "Size": 2, "Median": 0.024296675191815855, "Min": 0.0, "Biased Kurtosis": -2.0, "Max": 0.04859335038363171}, "results": [0.04859335038363171, 0.0]}, "Flake Out Degree Fraction": {"aggregations": {"Unbiased Variance": 0.0, "Biased Skewness": 0.0, "Mean": 0.0, "Size": 2, "Median": 0.0, "Min": 0.0, "Biased Kurtosis": -3.0, "Max": 0.0}, "results": [0.0, 0.0]}, "Degree StatisticsBiased Kurtosis": {"aggregations": {"Unbiased Variance": 6.699749268414116, "Biased Skewness": 0.0, "Mean": -1.1697337258729106, "Size": 2, "Median": -1.1697337258729106, "Min": -3.0, "Biased Kurtosis": -2.0, "Max": 0.6605325482541788}, "results": [0.6605325482541788, -3.0]}, "TLU--Local Clustering CoefficientMin": {"aggregations": {"Unbiased Variance": 0.29388888888888887, "Biased Skewness": -1.8477863276616602e-16, "Mean": 0.6166666666666667, "Size": 2, "Median": 0.6166666666666667, "Min": 0.23333333333333334, "Biased Kurtosis": -1.9999999999999998, "Max": 1.0}, "results": [0.23333333333333334, 1.0]}, "TLU--Local Clustering CoefficientBiased Skewness": {"aggregations": {"Unbiased Variance": 0.027287104960223692, "Biased Skewness": 0.0, "Mean": 0.11680561835850126, "Size": 2, "Median": 0.11680561835850126, "Min": 0.0, "Biased Kurtosis": -2.0, "Max": 0.2336112367170025}, "results": [0.2336112367170025, 0.0]}, "Average Out Degree Fraction": {"aggregations": {"Unbiased Variance": 0.00041331211335376153, "Biased Skewness": 0.0, "Mean": 0.014375536743957798, "Size": 2, "Median": 0.014375536743957798, "Min": 0.0, "Biased Kurtosis": -2.0, "Max": 0.028751073487915595}, "results": [0.028751073487915595, 0.0]}, "Degree StatisticsMin": {"aggregations": {"Unbiased Variance": 0.0, "Biased Skewness": 0.0, "Mean": 2.0, "Size": 2, "Median": 2.0, "Min": 2.0, "Biased Kurtosis": -3.0, "Max": 2.0}, "results": [2.0, 2.0]}, "Normalized Cut": {"aggregations": {"Unbiased Variance": 0.06131324450739395, "Biased Skewness": 0.0, "Mean": 0.17509032598546664, "Size": 2, "Median": 0.17509032598546664, "Min": 0.0,