{"metrics_elapsed": 0.4707648754119873, "name": "manip--walktrap--0", "elapsed": 0.002660036087036133, "omega": null, "membership": [[0], [0], [1], [2], [1], [3], [4], [1], [2], [5], [6], [4], [1], [1], [1], [7], [8], [6], [2], [9], [10], [6], [1], [11], [12], [6], [4], [3], [1], [13], [14], [15], [16], [6], [1], [1], [3], [17], [18], [6], [1], [8], [19], [2], [20], [3], [2], [16], [21], [2], [6], [7], [2]], "metrics": {"Density": {"aggregations": {"Unbiased Variance": 0.045821728760672926, "Biased Skewness": -1.6761101788453445, "Mean": 0.892306178669815, "Size": 22, "Median": 1.0, "Min": 0.2857142857142857, "Biased Kurtosis": 1.409560456517167, "Max": 1.0}, "results": [1.0, 0.6545454545454545, 0.5238095238095238, 0.5, 0.6666666666666666, 1.0, 0.2857142857142857, 1.0, 1.0, 1.0, 1.0, 1.0, 1.0, 1.0, 1.0, 1.0, 1.0, 1.0, 1.0, 1.0, 1.0, 1.0]}, "TLU--Local Clustering CoefficientSize": {"aggregations": {"Unbiased Variance": 6.919913419913421, "Biased Skewness": 2.1290202559937725, "Mean": 2.409090909090909, "Size": 22, "Median": 1.0, "Min": 1.0, "Biased Kurtosis": 3.660528828980171, "Max": 11.0}, "results": [2, 11, 7, 4, 3, 1, 7, 2, 2, 1, 1, 1, 1, 1, 1, 1, 2, 1, 1, 1, 1, 1]}, "Cut Ratio": {"aggregations": {"Unbiased Variance": 0.002307233125928039, "Biased Skewness": 0.6619470182546656, "Mean": 0.06812495859893475, "Size": 22, "Median": 0.038461538461538464, "Min": 0.019230769230769232, "Biased Kurtosis": -0.9474562261570147, "Max": 0.16666666666666666}, "results": [0.11764705882352941, 0.14502164502164502, 0.12422360248447205, 0.09183673469387756, 0.16666666666666666, 0.038461538461538464, 0.14596273291925466, 0.10784313725490197, 0.08823529411764706, 0.057692307692307696, 0.019230769230769232, 0.019230769230769232, 0.019230769230769232, 0.038461538461538464, 0.038461538461538464, 0.038461538461538464, 0.08823529411764706, 0.038461538461538464, 0.019230769230769232, 0.038461538461538464, 0.038461538461538464, 0.019230769230769232]}, "Degree StatisticsMean": {"aggregations": {"Unbiased Variance": 2.3129146742951763, "Biased Skewness": 2.673425047072449, "Mean": 0.8289059425423062, "Size": 22, "Median": 0.0, "Min": 0.0, "Biased Kurtosis": 7.291489189441911, "Max": 6.545454545454546}, "results": [1.0, 6.545454545454546, 3.142857142857143, 1.5, 1.3333333333333333, 0.0, 1.7142857142857142, 1.0, 1.0, 0.0, 0.0, 0.0, 0.0, 0.0, 0.0, 0.0, 1.0, 0.0, 0.0, 0.0, 0.0, 0.0]}, "TLU--Local Clustering CoefficientMedian": {"aggregations": {"Unbiased Variance": 0.07108225108225112, "Biased Skewness": 2.915296593122131, "Mean": 0.08181818181818182, "Size": 22, "Median": 0.0, "Min": 0.0, "Biased Kurtosis": 6.652886100400412, "Max": 1.0}, "results": [0.0, 0.8, 1.0, 0.0, 0.0, 0.0, 0.0, 0.0, 0.0, 0.0, 0.0, 0.0, 0.0, 0.0, 0.0, 0.0, 0.0, 0.0, 0.0, 0.0, 0.0, 0.0]}, "Cohesiveness": {"aggregations": {"Unbiased Variance": 0.007891414141414144, "Biased Skewness": -4.364357804719847, "Mean": 0.9810606060606062, "Size": 22, "Median": 1.0, "Min": 0.5833333333333334, "Biased Kurtosis": 17.047619047619058, "Max": 1.0}, "results": [1, 0.5833333333333334, 1.0, 1.0, 1.0, 1, 1.0, 1, 1, 1, 1, 1, 1, 1, 1, 1, 1, 1, 1, 1, 1, 1]}, "Fraction over a Median Degree": {"aggregations": {"Unbiased Variance": 0.021688099947502888, "Biased Skewness": 3.285520960854836, "Mean": 0.04840613931523022, "Size": 22, "Median": 0.0, "Min": 0.0, "Biased Kurtosis": 10.030178386709364, "Max": 0.6363636363636364}, "results": [0.0, 0.6363636363636364, 0.2857142857142857, 0.0, 0.0, 0.0, 0.14285714285714285, 0.0, 0.0, 0.0, 0.0, 0.0, 0.0, 0.0, 0.0, 0.0, 0.0, 0.0, 0.0, 0.0, 0.0, 0.0]}, "Triangle Participation Ratio": {"aggregations": {"Unbiased Variance": 0.08658008658008656, "Biased Skewness": 2.8460498941515424, "Mean": 0.09090909090909091, "Size": 22, "Median": 0.0, "Min": 0.0, "Biased Kurtosis": 6.100000000000001, "Max": 1.0}, "results": [0.0, 1.0, 1.0, 0.0, 0.0, 0.0, 0.0, 0.0, 0.0, 0.0, 0.0, 0.0, 0.0, 0.0, 0.0, 0.0, 0.0, 0.0, 0.0, 0.0, 0.0, 0.0]}, "TLU--Local Clustering CoefficientMax": {"aggregations": {"Unbiased Variance": 0.08658008658008656, "Biased Skewness": 2.8460498941515424, "Mean": 0.09090909090909091, "Size": 22, "Median": 0.0, "Min": 0.0, "Biased Kurtosis": 6.100000000000001, "Max": 1.0}, "results": [0.0, 1.0, 1.0, 0.0, 0.0, 0.0, 0.0, 0.0, 0.0, 0.0, 0.0, 0.0, 0.0, 0.0, 0.0, 0.0, 0.0, 0.0, 0.0, 0.0, 0.0, 0.0]}, "Separability": {"aggregations": {"Unbiased Variance": 0.01866675960925242, "Biased Skewness": 2.4011048034101337, "Mean": 0.07951681634476972, "Size": 22, "Median": 0.0, "Min": 0.0, "Biased Kurtosis": 6.071971511151036, "Max": 0.5774647887323944}, "results": [0.16666666666666666, 0.5774647887323944, 0.2619047619047619, 0.15789473684210525, 0.08, 0.0, 0.19230769230769232, 0.09090909090909091, 0.1111111111111111, 0.0, 0.0, 0.0, 0.0, 0.0, 0.0, 0.0, 0.1111111111111111, 0.0, 0.0, 0.0, 0.0, 0.0]}, "Degree StatisticsUnbiased Variance": {"aggregations": {"Unbiased Variance": 3.1003091886343697, "Biased Skewness": 1.7799711743282487, "Mean": 0.02668240850059038, "Size": 22, "Median": -1.0, "Min": -1.0, "Biased Kurtosis": 1.8242495738051465, "Max": 4.872727272727272}, "results": [0.0, 4.872727272727272, 3.80952380952381, 1.0, 0.3333333333333333, -1.0, 3.5714285714285725, 0.0, 0.0, -1.0, -1.0, -1.0, -1.0, -1.0, -1.0, -1.0, 0.0, -1.0, -1.0, -1.0, -1.0, -1.0]}, "Internal Number Nodes": {"aggregations": {"Unbiased Variance": 6.919913419913421, "Biased Skewness": 2.1290202559937725, "Mean": 2.409090909090909, "Size": 22, "Median": 1.0, "Min": 1.0, "Biased Kurtosis": 3.660528828980171, "Max": 11.0}, "results": [2, 11, 7, 4, 3, 1, 7, 2, 2, 1, 1, 1, 1, 1, 1, 1, 2, 1, 1, 1, 1, 1]}, "TLU--Local Clustering CoefficientUnbiased Variance": {"aggregations": {"Unbiased Variance": 0.26094718027582897, "Biased Skewness": 0.37556005729058495, "Mean": -0.5851099601456744, "Size": 22, "Median": -1.0, "Min": -1.0, "Biased Kurtosis": -1.8503962672317493, "Max": 0.10582010582010581}, "results": [0.0, 0.021760770975056694, 0.10582010582010581, 0.0, 0.0, -1.0, 0.0, 0.0, 0.0, -1.0, -1.0, -1.0, -1.0, -1.0, -1.0, -1.0, 0.0, -1.0, -1.0, -1.0, -1.0, -1.0]}, "Maximum Out Degree Fraction": {"aggregations": {"Unbiased Variance": 0.013411797783133514, "Biased Skewness": -1.4045837529244978, "Mean": 0.920692943420216, "Size": 22, "Median": 1.0, "Min": 0.5769230769230769, "Biased Kurtosis": 1.411773520841355, "Max": 1.0}, "results": [0.7777777777777778, 0.5769230769230769, 0.7692307692307693, 0.8, 0.9090909090909091, 1.0, 0.8, 0.9, 0.8888888888888888, 1.0, 1.0, 1.0, 1.0, 1.0, 1.0, 1.0, 0.8333333333333334, 1.0, 1.0, 1.0, 1.0, 1.0]}, "TLU--Local Clustering CoefficientBiased Kurtosis": {"aggregations": {"Unbiased Variance": 0.2659708230738745, "Biased Skewness": 2.890571844958518, "Mean": -2.841348900045523, "Size": 22, "Median": -3.0, "Min": -3.0, "Biased Kurtosis": 6.455904927609296, "Max": -1.0999999999999994}, "results": [-3.0, -1.4096758010015054, -1.0999999999999994, -3.0, -3.0, -3.0, -3.0, -3.0, -3.0, -3.0, -3.0, -3.0, -3.0, -3.0, -3.0, -3.0, -3.0, -3.0, -3.0, -3.0, -3.0, -3.0]}, "Diameter": {"aggregations": {"Unbiased Variance": 0.7186147186147187, "Biased Skewness": 0.7617375151091764, "Mean": 0.6363636363636364, "Size": 22, "Median": 0.0, "Min": 0.0, "Biased Kurtosis": -1.117143271882711, "Max": 2.0}, "results": [1, 2, 2, 2, 2, 0, 2, 1, 1, 0, 0, 0, 0, 0, 0, 0, 1, 0, 0, 0, 0, 0]}, "Degree StatisticsBiased Skewness": {"aggregations": {"Unbiased Variance": 0.27706141397173745, "Biased Skewness": 2.2843763257870204, "Mean": 0.24024723395602443, "Size": 22, "Median": 0.0, "Min": 0.0, "Biased Kurtosis": 4.52397226898905, "Max": 2.0412414523193148}, "results": [0.0, 0.4337070770969099, 0.9486832980505135, 1.1547005383792515, 0.707106781186548, 0.0, 2.0412414523193148, 0.0, 0.0, 0.0, 0.0, 0.0, 0.0, 0.0, 0.0, 0.0, 0.0, 0.0, 0.0, 0.0, 0.0, 0.0]}, "Degree StatisticsMax": {"aggregations": {"Unbiased Variance": 6.919913419913421, "Biased Skewness": 2.1290202559937725, "Mean": 1.4090909090909092, "Size": 22, "Median": 0.0, "Min": 0.0,