{"metrics_elapsed": 0.35065698623657227, "name": "manip--multilevel--0", "elapsed": 0.005545854568481445, "omega": null, "membership": [[4], [4], [3], [4], [3], [1], [3], [2], [4], [1], [4], [4], [3], [1], [2], [3], [1], [0], [0], [1], [2], [1], [1], [1], [2], [0], [4], [0], [3], [1], [5], [1], [5], [0], [0], [3], [1], [2], [2], [2], [3], [1], [1], [2], [3], [1], [4], [5], [4], [4], [3], [3], [4]], "metrics": {"Density": {"aggregations": {"Unbiased Variance": 0.08608903921216607, "Biased Skewness": 1.347759806615851, "Mean": 0.4390637140637141, "Size": 6, "Median": 0.32738095238095244, "Min": 0.19780219780219782, "Biased Kurtosis": 0.35157669434279626, "Max": 1.0}, "results": [0.33333333333333337, 0.19780219780219782, 0.32142857142857145, 0.509090909090909, 0.2727272727272727, 1.0]}, "TLU--Local Clustering CoefficientSize": {"aggregations": {"Unbiased Variance": 15.76666666666667, "Biased Skewness": -0.22241512068212652, "Mean": 8.833333333333334, "Size": 6, "Median": 9.5, "Min": 3.0, "Biased Kurtosis": -1.0888977289488626, "Max": 14.0}, "results": [6, 14, 8, 11, 11, 3]}, "Cut Ratio": {"aggregations": {"Unbiased Variance": 0.0014694618652945246, "Biased Skewness": 0.15604408003395007, "Mean": 0.09860477977499255, "Size": 6, "Median": 0.09267676767676768, "Min": 0.04666666666666667, "Biased Kurtosis": -1.0814579869139265, "Max": 0.1524822695035461}, "results": [0.1524822695035461, 0.07509157509157509, 0.09444444444444444, 0.13203463203463203, 0.09090909090909091, 0.04666666666666667]}, "Degree StatisticsMean": {"aggregations": {"Unbiased Variance": 1.4984232007770968, "Biased Skewness": 1.4010628754567345, "Mean": 2.7177128427128423, "Size": 6, "Median": 2.4107142857142856, "Min": 1.6666666666666667, "Biased Kurtosis": 0.5545747454389516, "Max": 5.090909090909091}, "results": [1.6666666666666667, 2.5714285714285716, 2.25, 5.090909090909091, 2.727272727272727, 2.0]}, "TLU--Local Clustering CoefficientMedian": {"aggregations": {"Unbiased Variance": 0.2449509742168472, "Biased Skewness": 0.6748916313824864, "Mean": 0.3644179894179895, "Size": 6, "Median": 0.09325396825396826, "Min": 0.0, "Biased Kurtosis": -1.5028001299132017, "Max": 1.0}, "results": [0.0, 0.0, 0.047619047619047616, 1.0, 0.1388888888888889, 1.0]}, "Cohesiveness": {"aggregations": {"Unbiased Variance": 0.10072550541957678, "Biased Skewness": 0.6748495661750633, "Mean": 0.5923212589879256, "Size": 6, "Median": 0.41798941798941797, "Min": 0.3333333333333333, "Biased Kurtosis": -1.4980034647070755, "Max": 1.0}, "results": [1.0, 0.3333333333333333, 0.42857142857142855, 0.4074074074074074, 0.38461538461538464, 1.0]}, "Fraction over a Median Degree": {"aggregations": {"Unbiased Variance": 0.014513223218580363, "Biased Skewness": 0.8213133040885344, "Mean": 0.1481782106782107, "Size": 6, "Median": 0.13392857142857142, "Min": 0.0, "Biased Kurtosis": 0.0175069700982613, "Max": 0.36363636363636365}, "results": [0.16666666666666666, 0.14285714285714285, 0.125, 0.36363636363636365, 0.09090909090909091, 0.0]}, "Triangle Participation Ratio": {"aggregations": {"Unbiased Variance": 0.15594113678529262, "Biased Skewness": -0.05287486241849024, "Mean": 0.5551948051948051, "Size": 6, "Median": 0.5227272727272727, "Min": 0.0, "Biased Kurtosis": -1.2374654140711439, "Max": 1.0}, "results": [0.0, 0.2857142857142857, 0.5, 1.0, 0.5454545454545454, 1.0]}, "TLU--Local Clustering CoefficientMax": {"aggregations": {"Unbiased Variance": 0.1962962962962963, "Biased Skewness": -0.8811809762746089, "Mean": 0.7222222222222222, "Size": 6, "Median": 1.0, "Min": 0.0, "Biased Kurtosis": -1.0145959416162331, "Max": 1.0}, "results": [0.0, 0.3333333333333333, 1.0, 1.0, 1.0, 1.0]}, "Separability": {"aggregations": {"Unbiased Variance": 0.007773478294330331, "Biased Skewness": -0.2563203706224817, "Mean": 0.3840386800715118, "Size": 6, "Median": 0.40476190476190477, "Min": 0.26666666666666666, "Biased Kurtosis": -1.3856936084304987, "Max": 0.49206349206349204}, "results": [0.26666666666666666, 0.4418604651162791, 0.29411764705882354, 0.49206349206349204, 0.38095238095238093, 0.42857142857142855]}, "Degree StatisticsUnbiased Variance": {"aggregations": {"Unbiased Variance": 6.222358696877178, "Biased Skewness": -0.4635335641389863, "Mean": 4.016655566655567, "Size": 6, "Median": 4.162087912087912, "Min": 0.0, "Biased Kurtosis": -0.7972654859578263, "Max": 6.890909090909091}, "results": [2.6666666666666665, 4.10989010989011, 4.214285714285714, 6.890909090909091, 6.218181818181818, 0.0]}, "Internal Number Nodes": {"aggregations": {"Unbiased Variance": 15.76666666666667, "Biased Skewness": -0.22241512068212652, "Mean": 8.833333333333334, "Size": 6, "Median": 9.5, "Min": 3.0, "Biased Kurtosis": -1.0888977289488626, "Max": 14.0}, "results": [6, 14, 8, 11, 11, 3]}, "TLU--Local Clustering CoefficientUnbiased Variance": {"aggregations": {"Unbiased Variance": 0.00982612903118659, "Biased Skewness": 0.5908691259870034, "Mean": 0.08033415798948679, "Size": 6, "Median": 0.035760570809890535, "Min": 0.0, "Biased Kurtosis": -1.4979784966147043, "Max": 0.21428571428571427}, "results": [0.0, 0.014755675163838428, 0.21428571428571427, 0.05676546645594264, 0.19619809203142535, 0.0]}, "Maximum Out Degree Fraction": {"aggregations": {"Unbiased Variance": 0.005894168962350781, "Biased Skewness": -0.7292272614552884, "Mean": 0.712878787878788, "Size": 6, "Median": 0.7386363636363636, "Min": 0.5833333333333334, "Biased Kurtosis": -0.5983765232585774, "Max": 0.8}, "results": [0.7272727272727273, 0.75, 0.75, 0.5833333333333334, 0.8, 0.6666666666666666]}, "TLU--Local Clustering CoefficientBiased Kurtosis": {"aggregations": {"Unbiased Variance": 2.241322712852169, "Biased Skewness": 0.7075038681006683, "Mean": -1.511890278084407, "Size": 6, "Median": -1.422384251516342, "Min": -3.0, "Biased Kurtosis": -0.37451626181396014, "Max": 1.0802175901837154}, "results": [-3.0, 1.0802175901837154, -1.4391294436645912, -1.3067907556574723, -1.4056390593680932, -3.0]}, "Diameter": {"aggregations": {"Unbiased Variance": 1.0666666666666667, "Biased Skewness": 0.48613591206575074, "Mean": 2.3333333333333335, "Size": 6, "Median": 2.0, "Min": 1.0, "Biased Kurtosis": -0.6562500000000004, "Max": 4.0}, "results": [2, 4, 2, 2, 3, 1]}, "Degree StatisticsBiased Skewness": {"aggregations": {"Unbiased Variance": 0.4931257962950891, "Biased Skewness": -0.7207372310722153, "Mean": 1.1655734051130053, "Size": 6, "Median": 1.3560111004091222, "Min": 0.0, "Biased Kurtosis": -0.8404447636192547, "Max": 1.7888543819998313}, "results": [1.7888543819998313, 1.1285840727437964, 1.7608601858084314, 0.7317036620515239, 1.583438128074448, 0.0]}, "Degree StatisticsMax": {"aggregations": {"Unbiased Variance": 8.266666666666666, "Biased Skewness": -0.5202908428717488, "Mean": 6.666666666666667, "Size": 6, "Median": 7.0, "Min": 2.0, "Biased Kurtosis": -0.7695109261186253, "Max": 10.0}, "results": [5.0, 7.0, 7.0, 10.0, 9.0, 2.0]}, "Transitivity Undirected (Global Clustering Coefficient)": {"aggregations": {"Unbiased Variance": 0.13397678879675992, "Biased Skewness": 0.8131718780961326, "Mean": 0.37325703849900244, "Size": 6, "Median": 0.2732793522267206, "Min": 0.0, "Biased Kurtosis": -0.5803322309622598, "Max": 1.0}, "results": [0.0, 0.10909090909090909, 0.23076923076923078, 0.5838926174496645, 0.3157894736842105, 1.0]}, "Degree StatisticsMedian": {"aggregations": {"Unbiased Variance": 1.0416666666666667, "Biased Skewness": 1.1477289714910917, "Mean": 2.0833333333333335, "Size": 6, "Median": 2.0, "Min": 1.0, "Biased Kurtosis": 0.31526399999999866, "Max": 4.0}, "results": [1.0, 2.0, 1.5, 4.0, 2.0, 2.0]}, "TLU--Local Clustering CoefficientMean": {"aggregations": {"Unbiased Variance": 0.1589348568549396, "Biased Skewness": 0.3612032479952131, "Mean": 0.43178554249982826, "Size": 6, "Median": 0.36075036075036077, "Min": 0.0, "Biased Kurtosis": -1.3198925093720923, "Max": 1.0}, "results": [0.0, 0.06394557823129252, 0.34523809523809523, 0.8052669552669552, 0.3762626262626263, 1.0]},